food_name,categories
italian sausage,Italian; Pizza; Mediterranean Cuisine; Italian Contemporary; Modern Cuisine
french toast,French; French Contemporary; Pizza
roast beef,Steakhouse; Vegetarian; Barbecue; Grills
ground beef,Steakhouse; Street Food; Vegetarian
beef stew,Barbecue; Steakhouse; Modern Cuisine; Vegetarian; Street Food
green beans,Grills
pork chops,Barbecue; Grills
french onion,French; French Contemporary; Modern Cuisine; Mediterranean Cuisine; Noodles and Congee
corned beef,Steakhouse; Vegetarian; Modern Cuisine; Street Food
thai chicken,Thai; Southern Thai; Northern Thai; Thai-Chinese; Thai and Vietnamese
black beans,Grills; Barbecue
italian chicken,Italian; Mediterranean Cuisine; Pizza; Modern Cuisine; Seafood
wild rice,Rice Dishes; Vietnamese; Sushi; Southern Thai; Asian Contemporary
mexican chicken,Mexican; Modern Cuisine; Barbecue; Noodles; Mediterranean Cuisine
beef tenderloin,Steakhouse; Vegetarian; Modern Cuisine; Barbecue; Seafood
stir fried,Modern Cuisine
grilled chicken,Barbecue; Grills; Street Food; Steakhouse; Pizza
fried rice,Rice Dishes; Sushi; Noodles; Modern Cuisine; Street Food
chicken breasts,Barbecue; Seafood
potato salad,Street Food; Modern Cuisine; Sushi; Noodles; Steakhouse
middle eastern,South East Asian; Southern
south african,South East Asian; Southern; Indian; International
goat cheese,Pizza; Seafood; Street Food
red pepper,Pizza; Street Food
olive garden,Steakhouse; Pizza; Street Food; Mediterranean Cuisine
chinese chicken,Chinese; Thai-Chinese; Noodles; Seafood; Noodles and Congee
puerto rican,Mexican; Spanish; Spanish Contemporary
green chile,Spanish; International
tomato sauce,Pizza; Mediterranean Cuisine; Modern Cuisine
smoked salmon,Seafood
swiss chard,European; French; German
red wine,French; French Contemporary; Italian; Italian Contemporary
spicy chicken,Modern Cuisine; Mediterranean Cuisine; Tempura; Noodles; Barbecue
roast chicken,Barbecue; Mediterranean Cuisine; Street Food; Modern Cuisine; Pizza
lentil soup,Noodles and Congee; Street Food; Modern Cuisine; Mediterranean Cuisine
moroccan chicken,Mediterranean Cuisine; Vegetarian; Pizza; Seafood; Modern Cuisine
german chocolate,German; European; Modern Cuisine; Noodles and Congee; Noodles
brown rice,Rice Dishes; Noodles; Sushi; Noodles and Congee; Vietnamese
bean soup,Street Food; Noodles and Congee; Modern Cuisine
greek chicken,Mediterranean Cuisine; Modern Cuisine; Pizza; Seafood
blue cheese,Pizza; Seafood; Noodles
pot beef,Steakhouse; Barbecue; Modern Cuisine; Street Food
spanish rice,Rice Dishes; Spanish; Vietnamese; Noodles; Thai-Chinese
pennsylvania dutch,European; Northern Thai; Pa Thong Ko; French
butternut squash,Vegetarian
spicy thai,Thai; Southern Thai; Thai contemporary; Northern Thai; Thai and Vietnamese
chicken salad,Street Food; Noodles; Mediterranean Cuisine; Modern Cuisine; Seafood
rice pudding,Rice Dishes; Modern Cuisine; Sushi; Noodles; Mediterranean Cuisine
creamy chicken,Modern Cuisine; Noodles; Mediterranean Cuisine; Seafood; Noodles and Congee
chicken curry,Modern Cuisine; Southern Thai; Mediterranean Cuisine; Thai; Barbecue
chicken soup,Modern Cuisine; Street Food; Noodles and Congee; Pizza; Mediterranean Cuisine
spicy beef,Modern Cuisine; Steakhouse; Vegetarian; Barbecue; Mediterranean Cuisine
lemon chicken,Mediterranean Cuisine; Modern Cuisine; Street Food; Barbecue; Pizza
onion soup,Noodles and Congee; Street Food; Noodles; Modern Cuisine; Pizza
mexican rice,Rice Dishes; Mexican; Vietnamese; Noodles; Sushi
roasted garlic,Pizza; Mediterranean Cuisine
swiss cheese,Pizza; Mediterranean Cuisine; Seafood; Noodles; European
con pollo,Spanish Contemporary; Congee; Italian Contemporary; Pa Thong Ko
thai red,Thai; Northern Thai; Thai-Chinese; Southern Thai; Thai and Vietnamese
red curry,Indian
tomato salad,Mediterranean Cuisine; Pizza; Street Food; Sushi; Noodles
pork tenderloin,Steakhouse; Barbecue; Vegetarian
chicken breast,Seafood; Barbecue
white chocolate,Pizza
beef stroganoff,Steakhouse; Street Food
beef tips,Steakhouse
italian beef,Italian; Mediterranean Cuisine; Steakhouse; Italian Contemporary; Modern Cuisine
greek style,Mediterranean Cuisine; Italian
roast pork,Barbecue; Grills; Mediterranean Cuisine; Vegetarian; Pizza
thai green,Thai; Southern Thai; Northern Thai; Thai-Chinese; Thai and Vietnamese
baked chicken,Barbecue; Mediterranean Cuisine; Noodles; Modern Cuisine; Pizza
chicken enchiladas,Noodles; Noodles and Congee; Modern Cuisine; Mediterranean Cuisine; Barbecue
vegetable soup,Noodles and Congee; Street Food; Modern Cuisine; Pizza; Noodles
deep fried,Pizza
thai style,Thai; Southern Thai; Thai contemporary; Thai and Vietnamese; Northern Thai
thai beef,Thai; Southern Thai; Thai and Vietnamese; Northern Thai; Thai-Chinese
french bread,French; Mediterranean Cuisine; French Contemporary; Modern Cuisine; Pizza
spaghetti sauce,Noodles; Noodles and Congee; Pizza; Mediterranean Cuisine; Modern Cuisine
olive oil,Mediterranean Cuisine
american kitchen,Steakhouse; Modern Cuisine; Street Food; Barbecue; Mediterranean Cuisine
chicken tortilla,Noodles and Congee; Noodles; Mediterranean Cuisine; Modern Cuisine; Pizza
oven baked,Barbecue; Mediterranean Cuisine
scrambled eggs,Pizza
pot roast,Barbecue
italian style,Italian; Italian Contemporary; Mediterranean Cuisine; Spanish Contemporary; French
chocolate chip,Pizza
swiss steak,Steakhouse; Mediterranean Cuisine; Pizza; Seafood; Modern Cuisine
kitchen classic,Modern Cuisine; Street Food
chicken stew,Modern Cuisine; Street Food; Seafood; Mediterranean Cuisine; Barbecue
spicy mexican,Mexican; Tempura; Spanish Contemporary; Spanish; Sushi
fried chicken,Modern Cuisine; Street Food; Barbecue; Noodles; Pizza
stuffed chicken,Seafood; Noodles; Noodles and Congee; Pizza; Barbecue
pasta salad,Noodles; Noodles and Congee; Pizza; Mediterranean Cuisine; Street Food
creamy italian,Italian; Italian Contemporary; Mediterranean Cuisine; Pizza; European
greek salad,Mediterranean Cuisine; Modern Cuisine; Pizza; Noodles; Rice Dishes
braised beef,Steakhouse; Vegetarian; Barbecue; Seafood
pot chicken,Barbecue; Modern Cuisine; Street Food; Seafood; Mediterranean Cuisine
asian beef,Asian; South East Asian; Seafood; Thai-Chinese; Chinese
green chili,Pizza; Tempura; Street Food; Modern Cuisine
north african,South East Asian
cheese stuffed,Seafood; Pizza; Noodles; Noodles and Congee; Modern Cuisine
baked french,French; Mediterranean Cuisine; French Contemporary; Modern Cuisine; Noodles
grilled salmon,Grills; Seafood; Barbecue; Sushi; Modern Cuisine
cream sauce,Mediterranean Cuisine
red cabbage,Pizza; Seafood; Noodles; Street Food; Noodles and Congee
moroccan spiced,Mediterranean Cuisine
green bean,Yakitori
mashed potatoes,Rice Dishes; Street Food; Modern Cuisine; Steakhouse
tomato soup,Pizza; Noodles and Congee; Modern Cuisine; Mediterranean Cuisine; Street Food
bread pudding,Modern Cuisine; Mediterranean Cuisine; Pizza
cottage cheese,Pizza; Mediterranean Cuisine; Modern Cuisine; Street Food; Noodles and Congee
chicken enchilada,Modern Cuisine; Noodles and Congee; Noodles; Mediterranean Cuisine; Barbecue
cucumber salad,Noodles
hearty beef,Seafood; Vegetarian; Steakhouse
feta cheese,Pizza; Sushi; Seafood; Mediterranean Cuisine
beef salad,Steakhouse; Street Food; Vegetarian; Mediterranean Cuisine; Modern Cuisine
sweet potatoes,Rice Dishes; Street Food; Yakitori
bell pepper,Pizza; Street Food
grilled shrimp,Grills; Seafood; Barbecue; Sushi; Noodles
thai coconut,Thai; Northern Thai; Southern Thai; Thai contemporary; Thai-Chinese
spicy shrimp,Seafood; Sushi; Noodles; Noodles and Congee; Pizza
short ribs,Barbecue; Grills; Seafood
potato soup,Noodles and Congee; Street Food; Modern Cuisine; Noodles
stuffed french,French; French Contemporary; German; Vietnamese; Noodles and Congee
mexican style,Mexican; Spanish; Spanish Contemporary; Southern Thai
fresh tomato,Pizza; Mediterranean Cuisine
fish tacos,Seafood; Mediterranean Cuisine; Modern Cuisine; Sushi; Pizza
mexican chocolate,Mexican; Spanish; Noodles; Noodles and Congee; Modern Cuisine
beef liver,Seafood
red onion,Noodles; Pizza
chinese beef,Chinese; Thai-Chinese; Noodles; Vegetarian; Cantonese
fruit salad,Street Food; Mediterranean Cuisine; Sushi
cuban black,Barbecue; Spanish; Mexican
swedish meatballs,Pizza; Seafood; Sushi; Steakhouse; Mediterranean Cuisine
tortilla soup,Noodles and Congee; Noodles; Street Food; Pizza; Mediterranean Cuisine
chili con,Pizza; Tempura; Barbecue
cheesy beef,Vegetarian; Steakhouse; Barbecue; Street Food
bell peppers,Pizza
german potato,German; European; Noodles; French; Japanese
pork roast,Barbecue; Grills; Steakhouse; Mediterranean Cuisine; Vegetarian
sea bass,Seafood
bean salad,Street Food; Sushi; Noodles
beef short,Vegetarian; Steakhouse; Small eats
thai shrimp,Thai; Seafood; Southern Thai; Thai-Chinese; Thai and Vietnamese
salsa verde,Mediterranean Cuisine; Spanish; Spanish Contemporary; Pizza; Barbecue
shredded beef,Vegetarian; Steakhouse; Barbecue
spinach salad,Sushi; Street Food; Pizza
pasta e,Noodles; Noodles and Congee; Italian; Pizza; Italian Contemporary
south indian,Indian; South East Asian; Southern; Southern Thai; Northern Thai
pine nuts,Grills
braised chicken,Seafood; Barbecue; Noodles; Vegetarian
baked beans,Barbecue; Grills; Noodles; Yakitori
beef soup,Steakhouse; Noodles and Congee; Street Food; Modern Cuisine; Vegetarian
french canadian,French; French Contemporary; European; Italian; Chinese
snow peas,Yakitori
german style,German; French; European Contemporary; French Contemporary; European
curried chicken,Modern Cuisine; Mediterranean Cuisine; Vegetarian; Street Food; Barbecue
soda bread,Pizza; Street Food; Grills
taco bell,Pizza
pot pie,Pizza; Modern Cuisine; Barbecue
chicken wings,Noodles; Grills; Pizza; Noodles and Congee; Street Food
izakaya sakura,Yakitori; Yakiniku; Japanese
rice pilaf,Rice Dishes; Mediterranean Cuisine; Noodles; Vietnamese; Yakitori
roasted tomato,Pizza; Vegetarian; Mediterranean Cuisine
roasted chicken,Barbecue; Seafood; Street Food; Pizza; Grills
style chicken,Modern Cuisine; Street Food
meat sauce,Mediterranean Cuisine; Barbecue; Seafood; Vegetarian; Modern Cuisine
cheesy chicken,Noodles and Congee; Street Food; Noodles; Pizza; Barbecue
rye bread,Street Food
white wine,French; French Contemporary; Italian; Italian Contemporary
cooker beef,Steakhouse; Barbecue; Modern Cuisine
panna cotta,Italian; Italian Contemporary;
hair pasta,Noodles; Noodles and Congee; Italian; Pizza; Italian Contemporary
grilled beef,Grills; Barbecue; Steakhouse; Modern Cuisine; Street Food
dutch oven,Barbecue; Modern Cuisine; European; Mediterranean Cuisine; Grills
pork loin,Barbecue; Vegetarian; Grills
vegetable beef,Vegetarian; Steakhouse; Seafood; Modern Cuisine; Street Food
ras el,Spanish
indian spiced,Indian; Asian Contemporary; South East Asian
zesty italian,Italian; Italian Contemporary; Mediterranean Cuisine; European; French
noodle soup,Noodles and Congee; Noodles; Street Food; Modern Cuisine; Pizza
costa rican,Mexican; Spanish; Asian; Spanish Contemporary
mexican hot,Mexican; Tempura; Spanish Contemporary; Spanish
indian style,Indian; Asian Contemporary; Thai contemporary; Yakitori
black pepper,Pizza; Street Food; Sushi
peanut sauce,Pizza; Sushi; Barbecue; Seafood; Noodles
west african,South East Asian
taco salad,Street Food; Modern Cuisine; Mediterranean Cuisine; Sushi; Rice Dishes
ginger beef,Steakhouse; Seafood; Vegetarian; Street Food; Modern Cuisine
baked fish,Seafood; Mediterranean Cuisine; Grills; Noodles; Pizza
flank steak,Steakhouse; Seafood; Mediterranean Cuisine; Street Food; Barbecue
baked beef,Barbecue; Steakhouse; Modern Cuisine; Vegetarian; Mediterranean Cuisine
chicken tacos,Mediterranean Cuisine; Modern Cuisine; Mexican; Street Food; Pizza
italian tomato,Italian; Mediterranean Cuisine; Italian Contemporary; Pizza
italian wedding,Italian; Italian Contemporary; Mediterranean Cuisine
curry chicken,Barbecue; Street Food; Modern Cuisine; Mediterranean Cuisine; Thai
greek lemon,Mediterranean Cuisine; Chinese
fried beef,Steakhouse; Barbecue; Vegetarian; Modern Cuisine; Grills
garlic chicken,Mediterranean Cuisine; Pizza; Seafood; Noodles; Street Food
sour chicken,Seafood; Sushi; Modern Cuisine; Street Food; Barbecue
beef brisket,Barbecue; Grills; Steakhouse
spring rolls,Vietnamese; Thai
chinese style,Chinese; Thai-Chinese; Asian Contemporary; Cantonese; Vietnamese
thai curry,Thai; Thai and Vietnamese; Southern Thai; Thai-Chinese; Northern Thai
rice noodles,Noodles; Noodles and Congee; Rice Dishes; Sushi; Vietnamese
beef curry,Barbecue; Steakhouse; Vegetarian; Modern Cuisine
greek lamb,Mediterranean Cuisine; Italian
buca di,Italian
thai sweet,Thai; Southern Thai; Northern Thai; Thai and Vietnamese; Thai-Chinese
dutch apple,European; Yakitori; German
white beans,Street Food
beef vegetable,Vegetarian; Vegan; Steakhouse; Seafood; Street Food
french vanilla,French; French Contemporary; European; Spanish
dim sum,Vietnamese
rice soup,Rice Dishes; Noodles and Congee; Noodles; Street Food; Sushi
pea soup,Noodles and Congee; Noodles; Pizza
rice salad,Rice Dishes; Noodles; Sushi; Street Food; Modern Cuisine
penne pasta,Noodles and Congee; Noodles; Pizza; Italian; Italian Contemporary
greek pasta,Noodles; Noodles and Congee; Italian; Mediterranean Cuisine; Pizza
beef roast,Steakhouse; Barbecue; Vegetarian
simple italian,Italian; Italian Contemporary; Spanish; French; European
bbq chicken,Barbecue; Grills; Street Food; Pizza; Modern Cuisine
dipping sauce,Sushi; Barbecue; Rice Dishes; Noodles
baked italian,Italian; Mediterranean Cuisine; Pizza; Italian Contemporary; Noodles
english muffin,French
italian turkey,Italian; Mediterranean Cuisine; Italian Contemporary; Modern Cuisine; European
sweet chilli,Yakiniku; Noodles and Congee; Yakitori; Tempura
classic french,French; French Contemporary; German; European
wedding soup,Noodles and Congee; Modern Cuisine; Noodles; Pizza
chicken cordon,Noodles and Congee
tom yum,Thai
indian chicken,Indian; Modern Cuisine; Street Food; Noodles; Noodles and Congee
three cheese,Pizza
thai peanut,Thai; Thai-Chinese; Southern Thai; Northern Thai; Thai and Vietnamese
yellow rice,Rice Dishes; Noodles; Vietnamese; Thai-Chinese; Noodles and Congee
barley soup,Noodles and Congee; Modern Cuisine; Street Food; Noodles
thai basil,Thai; Southern Thai; Northern Thai; Thai and Vietnamese; Thai contemporary
vietnamese chicken,Vietnamese; Thai and Vietnamese; Thai-Chinese; Southern Thai; Thai
moroccan lamb,Vegetarian; Mediterranean Cuisine
grilled corn,Grills; Barbecue; Street Food
crab cakes,Seafood; Barbecue; Noodles; Noodles and Congee
restaurant style,Modern Cuisine; Steakhouse; Street Food; Mediterranean Cuisine; Grills
lower fat,Small eats
pad thai,Thai; Southern Thai; Thai and Vietnamese; Northern Thai; Thai-Chinese
pasta sauce,Noodles; Noodles and Congee; Pizza; Mediterranean Cuisine; Sushi
pumpkin soup,Street Food; Noodles and Congee; Modern Cuisine
italian pasta,Italian; Noodles; Noodles and Congee; Italian Contemporary; Pizza
hot chocolate,Pizza; Tempura
mexican corn,Mexican; Rice Dishes; Street Food; Spanish; Noodles
lemon pepper,Pizza; Street Food
tuna salad,Seafood; Sushi; Mediterranean Cuisine; Rice Dishes; Street Food
spicy black,Tempura
mexican pork,Mexican; Barbecue; Vietnamese; Vegetarian; Modern Cuisine
chicken skewers,Sushi; Seafood
beef steak,Steakhouse; Vegetarian; Barbecue; Seafood; Grills
southern style,Southern; Southern Thai; South East Asian
spicy garlic,Pizza; Mediterranean Cuisine; Modern Cuisine; Noodles; Sushi
grilled eggplant,Grills
new potatoes,Rice Dishes; Modern Cuisine; Steakhouse; Street Food
quick italian,Italian; Italian Contemporary; Spanish; European; French
canadian bacon,Vegetarian; Vegan
red chile,Spanish; Italian
stove top,Grills
beef cubes,Seafood; Steakhouse; Grills; Barbecue; Vegetarian
chicken fried,Pizza; Barbecue; Street Food; Modern Cuisine; Noodles
italian herb,Italian; Italian Contemporary; Mediterranean Cuisine
spicy indian,Indian; Tempura; Thai; Sushi; Southern Thai
thai fish,Thai; Northern Thai; Thai-Chinese; Southern Thai; Thai and Vietnamese
basmati rice,Rice Dishes; Sushi; Vietnamese; Asian Contemporary; Noodles
pot italian,Italian; Italian Contemporary; Mediterranean Cuisine; Pizza; Spanish
roast leg,Grills
cooker italian,Italian; Mediterranean Cuisine; Italian Contemporary; Modern Cuisine; Pizza
east indian,Indian; South East Asian; Northern Thai; Southern Thai; Asian
chicken noodle,Noodles; Noodles and Congee; Street Food; Rice Dishes; Sushi
deep dish,Rice Dishes; Modern Cuisine; Mediterranean Cuisine
german apple,German; European
carne asada,Isan; French Contemporary; Spanish Contemporary
african peanut,Vegetarian
sirloin steak,Steakhouse; Barbecue; Modern Cuisine; Grills
garlic shrimp,Seafood; Pizza; Noodles; Sushi; Noodles and Congee
avocado salad,Sushi; Street Food; Mediterranean Cuisine; Seafood
stuffed eggplant,Pizza
french fries,French; Street Food; Pizza
caribbean chicken,Barbecue; Seafood; Mediterranean Cuisine; Street Food; Modern Cuisine
el hanout,Mexican
dried beef,Vegetarian; Steakhouse; Modern Cuisine; Seafood; Street Food
cabbage rolls,Pizza; Noodles; Sushi
beef sandwiches,Steakhouse; Seafood; Street Food; Vegetarian; Modern Cuisine
italian cream,Italian; Mediterranean Cuisine; Italian Contemporary; Pizza; European
con carne,French Contemporary; Spanish Contemporary; European Contemporary; French; Italian Contemporary
vegetable stew,Vegetarian; Street Food; Modern Cuisine; Rice Dishes; Noodles and Congee
fresh fruit,Sushi; Seafood
quick beef,Steakhouse; Vegetarian; Small eats
brazilian chicken,Vietnamese; Seafood; Mediterranean Cuisine; Modern Cuisine; Spanish
spicy italian,Italian; Italian Contemporary; Pizza; Mediterranean Cuisine; Noodles
beef patties,Steakhouse; Vegetarian; Street Food; Barbecue; Modern Cuisine
peppered beef,Steakhouse; Vegetarian; Modern Cuisine; Pizza; Street Food
italian white,Italian; European; Asian; Italian Contemporary; Chinese
chipotle chicken,Vegetarian; Seafood; Noodles and Congee; Street Food
con queso,Spanish; Spanish Contemporary; French
spicy chinese,Chinese; Thai-Chinese; Vietnamese; Thai; Cantonese
chinese steamed,Chinese; Thai-Chinese; Cantonese; Vietnamese; Japanese
al forno,Isan
chicken liver,Seafood; Noodles and Congee; Vegetarian
hot mexican,Mexican; Spanish; Tempura; Spanish Contemporary
spicy peanut,Vegetarian; Sushi; Pizza; Seafood
french style,French; French Contemporary; Italian; Vietnamese; German
mushroom soup,Pizza; Noodles and Congee; Sushi; Street Food; Noodles
italian bread,Italian; Mediterranean Cuisine; Pizza; Italian Contemporary; Noodles and Congee
garam masala,Yakitori
french dip,French; French Contemporary; Noodles and Congee
pork ribs,Barbecue; Grills; Steakhouse; Seafood; Vegetarian
pan fried,Pizza
west indian,Indian; South East Asian; Northern Thai; Southern Thai; Asian
grilled italian,Italian; Grills; Italian Contemporary; Barbecue; Mediterranean Cuisine
shrimp salad,Seafood; Noodles; Sushi; Noodles and Congee; Mediterranean Cuisine
spicy tomato,Pizza; Mediterranean Cuisine; Sushi; Vegetarian; Modern Cuisine
curried beef,Vegetarian; Modern Cuisine; Vegan; Mediterranean Cuisine; Noodles and Congee
greek yogurt,Mediterranean Cuisine
old english,German; French; Spanish; European; Japanese
beef fillet,Vegetarian; Steakhouse; Modern Cuisine; Noodles and Congee
chicken cacciatore,Mediterranean Cuisine; Vegetarian; Modern Cuisine; Noodles and Congee; Seafood
sticky rice,Rice Dishes; Sushi; Noodles; Vietnamese; Noodles and Congee
south american,South East Asian; Southern; Spanish; Mexican; Indian
greek orzo,Italian; Spanish
cherry tomato,Pizza
oven roasted,Barbecue
best chicken,Noodles and Congee
spicy sweet,Sushi
jerk chicken,Barbecue
banana stuffed,Noodles and Congee; Seafood; Noodles
chicken tikka,Yakiniku; Thai; Southern Thai; Vietnamese; Northern Thai
mexican beef,Mexican; Spanish; Vegetarian; Modern Cuisine; Sushi
chickpea curry,Barbecue; Thai; Vegetarian
french chicken,French; Mediterranean Cuisine; Vietnamese; Modern Cuisine; Noodles and Congee
grilled pork,Grills; Barbecue; Steakhouse; Mediterranean Cuisine; Vegetarian
chile verde,Spanish; Vietnamese; Italian; Spanish Contemporary
fish cakes,Seafood; Noodles and Congee; Pizza; Modern Cuisine
chili sauce,Noodles and Congee; Pizza; Modern Cuisine; Mediterranean Cuisine; Noodles
corn salad,Street Food; Rice Dishes; Noodles; Modern Cuisine; Vegetarian
braised lamb,Vegetarian
sweet corn,Street Food
thai pork,Thai; Southern Thai; Thai and Vietnamese; Northern Thai; Thai-Chinese
irish stew,Noodles and Congee; Street Food; Modern Cuisine; Rice Dishes; Mediterranean Cuisine
baked rigatoni,Noodles; Noodles and Congee; Modern Cuisine; Mediterranean Cuisine
lentil salad,Mediterranean Cuisine; Street Food; Modern Cuisine; Seafood
lamb stew,Vegetarian; Street Food; Modern Cuisine; Noodles; Pizza
mexican dip,Mexican; Spanish
greek stuffed,Mediterranean Cuisine
stuffed tomatoes,Pizza; Seafood; Mediterranean Cuisine; Sushi; Noodles and Congee
pepper steak,Steakhouse; Pizza; Street Food; Modern Cuisine; Seafood
italian chocolate,Italian; Pizza; Italian Contemporary; Mediterranean Cuisine; Noodles
spanish style,Spanish; Spanish Contemporary; Italian; French; Mexican
thai spicy,Thai; Southern Thai; Thai and Vietnamese; Thai contemporary; Thai-Chinese
four cheese,Pizza
seared beef,Seafood; Steakhouse; Sushi; Vegetarian; Mediterranean Cuisine
carrot salad,Noodles; Vegetarian; Street Food; Pizza; Seafood
italian meatballs,Pizza; Italian; Mediterranean Cuisine; Seafood; Modern Cuisine
greek feta,Italian; Spanish
asian style,Asian Contemporary; Asian; Thai-Chinese; South East Asian; Thai
cherry tomatoes,Pizza
beef chili,Modern Cuisine; Steakhouse; Vegetarian; Pizza; Barbecue
chicken stir,Modern Cuisine; Mediterranean Cuisine
baked stuffed,Noodles and Congee; Noodles; Barbecue; Pizza; Seafood
baked penne,Pizza; Noodles and Congee
cabbage salad,Noodles; Pizza; Street Food; Sushi; Seafood
japanese style,Japanese; Korean; Asian Contemporary; Sushi; Thai-Chinese
polish sausage,Mediterranean Cuisine; Pizza; German; European; Italian
creme brulee,French
miso soup,Noodles and Congee; Noodles; Pizza; Sushi; Modern Cuisine
beef pot,Steakhouse; Barbecue
kung pao,Pa Thong Ko; Thai-Chinese; Vietnamese; Thai; Thai contemporary
coconut rice,Rice Dishes; Thai; Sushi; Thai and Vietnamese; Vietnamese
portuguese chicken,Mediterranean Cuisine; Vietnamese; Seafood; Thai and Vietnamese; Thai
lime chicken,Barbecue; Seafood; Pizza; Street Food; Mediterranean Cuisine
chicken rice,Rice Dishes; Noodles; Sushi; Noodles and Congee; Street Food
herbed chicken,Noodles and Congee; Vegetarian; Modern Cuisine; Noodles; Mediterranean Cuisine
sesame chicken,Noodles; Noodles and Congee; Seafood; Sushi; Vegetarian
marinated beef,Seafood; Vegetarian; Barbecue; Mediterranean Cuisine; Steakhouse
savory italian,Italian; Italian Contemporary; Mediterranean Cuisine; European; Pizza
spiced chicken,Modern Cuisine; Sushi; Street Food; Mediterranean Cuisine; Noodles
thai rice,Thai; Rice Dishes; Thai-Chinese; Thai and Vietnamese; Southern Thai
traditional english,Spanish; French; Japanese; Cantonese; Thai and Vietnamese
sweet italian,Italian; Italian Contemporary; Mediterranean Cuisine; Pizza; Spanish
chinese pork,Chinese; Thai-Chinese; Vietnamese; Thai and Vietnamese; Thai
beet salad,Street Food; Barbecue; Mediterranean Cuisine; Noodles
authentic mexican,Mexican; Spanish; Spanish Contemporary
mexican casserole,Mexican; Mediterranean Cuisine; Modern Cuisine; Pizza
mexican tortilla,Mexican; Spanish; Spanish Contemporary; Tempura; Noodles
french country,French; European; French Contemporary; Italian; Vietnamese
chicken stuffed,Seafood; Noodles; Noodles and Congee; Pizza; Barbecue
green salad,Street Food; Noodles; Pizza; Sushi
curried rice,Rice Dishes; Modern Cuisine; Thai; Thai and Vietnamese; Sushi
savory beef,Vegetarian; Steakhouse; Sushi; Barbecue; Modern Cuisine
coconut curry,Thai; Thai contemporary; Southern Thai; Thai and Vietnamese; Vegetarian
alfredo sauce,Mediterranean Cuisine; Pizza; Noodles; Italian; Noodles and Congee
mustard sauce,Noodles; Mediterranean Cuisine; Noodles and Congee; Rice Dishes; Pizza
chicken legs,Grills
chinese sweet,Chinese; Thai-Chinese; Cantonese; Asian; Japanese
coconut chicken,Vegetarian; Barbecue; Thai; Pizza; Mediterranean Cuisine
italian vegetable,Italian; Vegetarian; Pizza; Italian Contemporary; Mediterranean Cuisine
pizza dough,Pizza; Italian; Italian Contemporary
aaaaaaaaaaaaaaaaaaaaaaaaaaaaaaaaa,Pizza
pizza,Pizza; Italian; Italian Contemporary
french fried,French; Pizza; Mediterranean Cuisine; Modern Cuisine
all american,European; Mexican
cheesy italian,Italian; Italian Contemporary; French; Mediterranean Cuisine; European
honey mustard,Mediterranean Cuisine
hot german,German; European; French; Tempura
tomato basil,Pizza; Italian; Mediterranean Cuisine
grilled greek,Grills; Mediterranean Cuisine; Barbecue
five spice,Sushi; Modern Cuisine
spicy rice,Rice Dishes; Sushi; Noodles; Thai; Vietnamese
butter chicken,Seafood; Pizza; Street Food; Mediterranean Cuisine
shredded pork,Vegetarian; Pizza; Barbecue; Grills; Seafood
beef burgundy,Steakhouse; Mediterranean Cuisine; Modern Cuisine; Barbecue
garbanzo beans,Sushi
pot mexican,Mexican; Spanish
italian bean,Italian; Italian Contemporary; Spanish; Mediterranean Cuisine; Japanese
style beef,Steakhouse; Modern Cuisine; Vegetarian; Barbecue
pasta con,Noodles; Noodles and Congee; Pizza; Italian; Italian Contemporary
orange chicken,Seafood; Noodles; Street Food; Vietnamese; Mediterranean Cuisine
hearty italian,Italian; Italian Contemporary; Mediterranean Cuisine; Spanish; European
mongolian beef,Vegetarian; Thai; Thai-Chinese; Chinese; Northern Thai
sweet onion,Noodles
spicy fried,Modern Cuisine; Pizza; Sushi; Barbecue; Vegetarian
banh mi,Korean; Korean Contemporary
rice cooker,Rice Dishes; Modern Cuisine
caribbean jerk,Barbecue
fried potatoes,Modern Cuisine; Rice Dishes; Street Food; Pizza; Noodles
raisin bread,Rice Dishes; Noodles; Street Food; Sushi; Noodles and Congee
grilled caribbean,Barbecue; Grills
american chop,Noodles and Congee
pan roasted,Barbecue; Pizza
bbq beef,Barbecue; Steakhouse; Grills; Vegetarian; Modern Cuisine
creamy rice,Rice Dishes; Sushi; Noodles; Noodles and Congee; Vietnamese
taco seasoning,Modern Cuisine; Street Food
chicken satay,Sushi; Noodles and Congee; Barbecue
moroccan couscous,Mediterranean Cuisine
dutch baby,European; German; Vietnamese; Korean
cooker chicken,Barbecue; Modern Cuisine; Mediterranean Cuisine
new mexico,Mexican; Spanish; Spanish Contemporary; Southern
quick chicken,Pizza; Small eats; Modern Cuisine
black olive,Mediterranean Cuisine; Italian; Pizza; European
steamed mussels,Seafood; Sushi
chicken fajitas,Noodles; Noodles and Congee; Sushi; Modern Cuisine; Barbecue
smoked trout,Seafood; Grills
spaghetti squash,Vegetarian; Noodles; Pizza; Noodles and Congee; Italian
baked pork,Barbecue; Mediterranean Cuisine; Modern Cuisine; Vegetarian; Grills
moroccan sweet,Mediterranean Cuisine
sauteed chicken,Sushi; Modern Cuisine; Noodles; Noodles and Congee; Barbecue
poached salmon,Seafood
mexican bean,Mexican; Spanish; Spanish Contemporary; Yakitori; Sushi
spiced beef,Modern Cuisine; Steakhouse; Sushi; Vegetarian; Street Food
green onion,Noodles; Pizza
lemon grass,Thai
creamy beef,Modern Cuisine; Steakhouse; Vegetarian; Seafood
mashed potato,Rice Dishes; Street Food; Steakhouse; Yakitori; Modern Cuisine
mustard chicken,Noodles; Barbecue; Noodles and Congee; Modern Cuisine; Pizza
beef kabobs,Barbecue; Vegetarian; Yakitori; Steakhouse; Modern Cuisine
bolognese sauce,Sushi; Noodles; Rice Dishes; Mediterranean Cuisine; Noodles and Congee
barbecue sauce,Barbecue; Grills; Pizza; Mediterranean Cuisine; Modern Cuisine
pepper jack,Pizza
teriyaki beef,Yakitori; Yakiniku; Sushi; Vegetarian; Modern Cuisine
new mexican,Mexican; Spanish; Spanish Contemporary
tuscan white,Italian
baked ham,Pizza; Barbecue
chicken burgers,Barbecue; Modern Cuisine; Steakhouse; Street Food; Grills
tender beef,Vegetarian; Steakhouse; Modern Cuisine; Barbecue; Seafood
chicken casserole,Mediterranean Cuisine; Pizza; Modern Cuisine; Barbecue; Noodles and Congee
chicken piccata,Seafood
mexican stuffed,Mexican; Spanish; Noodles and Congee
beef rolls,Barbecue; Seafood; Pizza; Sushi; Street Food
black rice,Rice Dishes; Sushi; Noodles; Vietnamese; Thai and Vietnamese
fried cauliflower,Vegetarian; Modern Cuisine; Pizza; Mediterranean Cuisine; Noodles
italian rice,Rice Dishes; Italian; Noodles; Mediterranean Cuisine; Sushi
indonesian chicken,Thai; Northern Thai; Vietnamese; Thai and Vietnamese; Thai-Chinese
noodle salad,Noodles; Noodles and Congee; Rice Dishes; Sushi; Street Food
cheese ravioli,Pizza; Mediterranean Cuisine; Noodles and Congee; Modern Cuisine; Seafood
moroccan carrot,Vegetarian; Vietnamese; Thai; Pizza; Seafood
chopped salad,Noodles; Street Food; Sushi; Pizza; Modern Cuisine
thai noodles,Noodles; Thai; Noodles and Congee; Thai and Vietnamese; Thai-Chinese
stuffed peppers,Pizza; Seafood; Sushi; Noodles; Noodles and Congee
italian salad,Mediterranean Cuisine; Italian; Pizza; Noodles; Italian Contemporary
vegetable salad,Vegetarian; Street Food; Noodles; Modern Cuisine; Pizza
chinese noodles,Noodles; Noodles and Congee; Chinese; Rice Dishes; Thai-Chinese
grilled halibut,Grills; Barbecue
salmon cakes,Seafood; Modern Cuisine; Sushi; Noodles and Congee
traditional irish,Thai and Vietnamese; Thai; Thai-Chinese
greek macaroni,Mediterranean Cuisine; Italian; Yakitori; Spanish; European
al ajillo,Isan
garlic soup,Pizza; Noodles and Congee; Modern Cuisine; Street Food; Mediterranean Cuisine
roasted corn,Barbecue; Street Food; Pizza
grilled lamb,Grills; Barbecue
bacon wrapped,Vegetarian; Pizza
baked pasta,Noodles; Noodles and Congee; Pizza; Modern Cuisine; Mediterranean Cuisine
vietnamese grilled,Vietnamese; Thai and Vietnamese; Grills; Barbecue; Southern Thai
al pomodoro,Spanish Contemporary
orange beef,Steakhouse; Vegetarian; Seafood; Modern Cuisine; Barbecue
moroccan chickpea,Vegetarian; Mediterranean Cuisine
garlic bread,Pizza; Mediterranean Cuisine; Street Food; Modern Cuisine; Seafood
couscous salad,Modern Cuisine; Mediterranean Cuisine
chicken tenders,Noodles; Modern Cuisine; Vegetarian; Barbecue
whole fish,Seafood
seared tuna,Seafood; Sushi; Mediterranean Cuisine
style grilled,Grills; Barbecue
hot italian,Italian; Italian Contemporary; Tempura; Pizza; Mediterranean Cuisine
cheese soup,Noodles and Congee; Pizza; Modern Cuisine; Street Food; Noodles
beef barley,Vegetarian
green olives,Mediterranean Cuisine; Pizza; Seafood
chiles rellenos,Spanish
basil chicken,Noodles; Mediterranean Cuisine; Pizza; Seafood; Vegetarian
vietnamese pork,Vietnamese; Thai and Vietnamese; Thai; Southern Thai; Thai-Chinese
pork chop,Barbecue; Vegetarian; Pizza; Sushi; Noodles
french dressing,French; French Contemporary; Mediterranean Cuisine; Modern Cuisine; Pa Thong Ko
fish soup,Seafood; Noodles and Congee; Modern Cuisine; Pizza; Noodles
onion beef,Steakhouse; Vegetarian; Modern Cuisine; Seafood; Noodles
hot roast,Barbecue; Grills; Tempura
honey glazed,Modern Cuisine; Mediterranean Cuisine; Pizza
egg salad,Noodles; Pizza; Modern Cuisine; Street Food; Mediterranean Cuisine
spice mix,Sushi; Modern Cuisine
baked cod,Noodles and Congee; Seafood
roasted asparagus,Sushi
potato cakes,Rice Dishes; Noodles and Congee
mexican shrimp,Seafood; Mexican; Noodles; Sushi; Noodles and Congee
chow mein,Noodles; Noodles and Congee; Sushi; German
beef teriyaki,Sushi; Yakitori; Yakiniku; Modern Cuisine; Vegetarian
szechuan chicken,Noodles; Noodles and Congee; Southern Thai
passion fruit,Creative
fiesta chicken,Mediterranean Cuisine; Modern Cuisine; Pizza; Noodles; Noodles and Congee
style pork,Modern Cuisine; Mediterranean Cuisine; Barbecue; Grills; Vegetarian
german pork,German; Modern Cuisine; Mediterranean Cuisine; Vegetarian; Barbecue
delicious italian,Italian; Italian Contemporary; Mediterranean Cuisine; Modern Cuisine; Pizza
irish potato,Street Food; Modern Cuisine; Rice Dishes
kitchen kouture,Modern Cuisine; Steakhouse; Street Food
preserved lemons,Modern Cuisine
mexican white,Mexican; Asian; Spanish; Chinese; Korean
french silk,French; French Contemporary
fish fillets,Seafood
rice casserole,Rice Dishes; Mediterranean Cuisine; Modern Cuisine; Noodles and Congee; Noodles
best thai,Thai; Southern Thai; Thai and Vietnamese; Thai contemporary; Northern Thai
cinnamon french,French; French Contemporary; Mediterranean Cuisine
vegetarian mexican,Vegetarian; Mexican; Vegan; Small eats; Spanish
stewed chicken,Modern Cuisine; Street Food; Mediterranean Cuisine; Seafood; Noodles and Congee
greek rice,Rice Dishes; Mediterranean Cuisine; Noodles; Sushi; Modern Cuisine
italian stuffed,Italian; Italian Contemporary; Pizza; Mediterranean Cuisine; Noodles
homemade beef,Steakhouse; Modern Cuisine; Vegetarian; Seafood; Street Food
african chicken,Mediterranean Cuisine; Modern Cuisine; Vegetarian; Street Food; Barbecue
buffalo chicken,Noodles; Street Food; Modern Cuisine; Noodles and Congee; Seafood
french fry,French; French Contemporary; Modern Cuisine; Mediterranean Cuisine; European
puff pastry,Pizza; Noodles and Congee
creamy tomato,Pizza; Mediterranean Cuisine; Modern Cuisine
banana bread,Street Food; Rice Dishes; Pizza; Noodles; Modern Cuisine
minestrone soup,Noodles and Congee
grilled cheese,Grills; Barbecue; Pizza; Modern Cuisine; Street Food
spanish chicken,Spanish; Mediterranean Cuisine; Mexican; Spanish Contemporary; Modern Cuisine
baked salmon,Seafood; Modern Cuisine; Sushi; Noodles; Mediterranean Cuisine
greek baked,Mediterranean Cuisine; Modern Cuisine; Pizza; Noodles; Noodles and Congee
roasted leg,Grills
swiss chicken,Mediterranean Cuisine; Pizza; Modern Cuisine; Noodles; Street Food
mexican black,Mexican; Spanish; Asian; Chinese; Indian
irish coffee,Street Food; Modern Cuisine
north carolina,Southern
beef burgers,Steakhouse; Barbecue; Grills; Modern Cuisine; Vegetarian
rice bowl,Rice Dishes; Noodles; Sushi
simple garlic,Pizza; Mediterranean Cuisine
ancho chile,Spanish; Spanish Contemporary; Italian; Mexican; Tempura
italian inn,Italian; Italian Contemporary; Mediterranean Cuisine; Pizza; Modern Cuisine
cheese filling,Pizza
beef casserole,Mediterranean Cuisine; Modern Cuisine; Seafood; Barbecue; Pizza
spinach pie,Pizza; Modern Cuisine; Seafood; Sushi
salt cod,Seafood
indian curry,Indian; Thai; Modern Cuisine; Southern Thai; Thai contemporary
creamy swiss,European; French; Modern Cuisine; Italian; German
baked macaroni,Noodles; Mediterranean Cuisine; Noodles and Congee
fresh basil,Noodles
caribbean rice,Rice Dishes; Mediterranean Cuisine; Noodles; Modern Cuisine; Southern Thai
cheese dip,Pizza; Noodles and Congee
spaghetti con,Noodles; Noodles and Congee; Pizza; Italian; Italian Contemporary
broccoli rabe,Vegetarian; Sushi
beef satay,Steakhouse; Modern Cuisine; Sushi
italian dressing,Italian; Italian Contemporary; Mediterranean Cuisine; Pizza; Modern Cuisine
cheesy mexican,Mexican; Spanish Contemporary; Spanish
sausage stuffed,Pizza; Seafood; Modern Cuisine; Noodles
baked potatoes,Rice Dishes; Modern Cuisine; Street Food; Noodles; Mediterranean Cuisine
roasted beet,Barbecue; Grills
chickpea salad,Street Food; Mediterranean Cuisine; Noodles; Modern Cuisine; Seafood
cheese french,French; French Contemporary; Mediterranean Cuisine; Modern Cuisine; Italian
grilled fish,Grills; Seafood; Barbecue; Pizza; Modern Cuisine
macaroni grill,Grills; Barbecue; Pizza
country chicken,Street Food; Modern Cuisine; Noodles; Noodles and Congee; Southern Thai
chicken chili,Modern Cuisine; Pizza; Street Food; Noodles; Mediterranean Cuisine
italian meatloaf,Italian; Mediterranean Cuisine; Italian Contemporary; Pizza; Vegetarian
egg rolls,Pizza
pollo con,Spanish Contemporary; Pa Thong Ko
mexican salad,Mexican; Modern Cuisine; Noodles; Rice Dishes; Mediterranean Cuisine
chicken parmesan,Street Food; Modern Cuisine; Mediterranean Cuisine; Noodles; Vegetarian
southwest chicken,Southern; Modern Cuisine; Street Food; Southern Thai; Barbecue
chinese cabbage,Chinese; Thai-Chinese; Noodles; Noodles and Congee; Seafood
italian potato,Italian; Italian Contemporary; Mediterranean Cuisine; Modern Cuisine; Noodles
italian baked,Italian; Mediterranean Cuisine; Pizza; Modern Cuisine; Italian Contemporary
white rice,Rice Dishes; Sushi; Noodles; Vietnamese; Street Food
spicy spanish,Spanish; Spanish Contemporary; Mexican; Mediterranean Cuisine; Tempura
roasted beef,Steakhouse; Vegetarian; Barbecue; Grills; Modern Cuisine
skirt steak,Steakhouse; Modern Cuisine; Barbecue; Mediterranean Cuisine; Grills
dutch chicken,Modern Cuisine; Mediterranean Cuisine; Vietnamese; Street Food; European
peanut soup,Pizza; Street Food; Noodles and Congee; Modern Cuisine; Noodles
country style,Southern Thai; South East Asian; Northern Thai; Southern; Thai and Vietnamese
hot dogs,Tempura
coconut shrimp,Seafood; Sushi; Mediterranean Cuisine; Noodles; Vegetarian
pigeon peas,Street Food
eggplant stew,Modern Cuisine; Street Food
south beach,Southern; Southern Thai; South East Asian
tikka masala,Yakitori; Yakiniku; Sushi
thai tofu,Thai; Thai-Chinese; Thai and Vietnamese; Northern Thai; Southern Thai
tuna steaks,Steakhouse; Seafood; Grills; Mediterranean Cuisine; Modern Cuisine
indian rice,Rice Dishes; Indian; Sushi; Noodles; Thai
spicy red,Pizza
dairy free,Vegan; Vegetarian
curried lamb,Vegetarian; Mediterranean Cuisine; Modern Cuisine
fe chicken,Street Food; Pizza
korean bbq,Barbecue; Korean; Korean Contemporary; Grills; South East Asian
steak salad,Steakhouse; Street Food; Mediterranean Cuisine; Modern Cuisine; Barbecue
best italian,Italian; Italian Contemporary; Mediterranean Cuisine; Spanish Contemporary
hot beef,Steakhouse; Barbecue; Vegetarian; Modern Cuisine; Grills
italian green,Italian; Italian Contemporary; Pizza; Mediterranean Cuisine
stuffed zucchini,Pizza; Small eats
crispy fried,Modern Cuisine
lamb burgers,Steakhouse; Grills; Barbecue; Street Food; Vegetarian
korean beef,Korean; Korean Contemporary; Sushi; Modern Cuisine; Thai-Chinese
summer squash,Vegetarian
saffron rice,Rice Dishes; Sushi; Vietnamese; Noodles; Southern Thai
hot chicken,Tempura; Barbecue; Modern Cuisine; Noodles; Pizza
cauliflower soup,Noodles and Congee; Modern Cuisine; Mediterranean Cuisine; Noodles; Pizza
almond cake,Modern Cuisine
french apple,French; European; French Contemporary
mexican fiesta,Mexican; Spanish Contemporary; Spanish
barbecue beef,Barbecue; Grills; Steakhouse; Vegetarian; Modern Cuisine
chicken alfredo,Mediterranean Cuisine; Noodles; Pizza; Modern Cuisine; Italian
thai hot,Thai; Southern Thai; Northern Thai; Thai-Chinese; Thai contemporary
rice krispies,Rice Dishes; Sushi; Noodles; Street Food
tomatoes stuffed,Pizza; Seafood; Mediterranean Cuisine; Small eats; Vegetarian
chocolate almond,Vegetarian
pepper salad,Street Food; Pizza; Modern Cuisine; Sushi; Noodles
orzo salad,Mediterranean Cuisine; Noodles; Sushi; Rice Dishes
chinese hot,Chinese; Thai-Chinese; Asian; Cantonese; Asian Contemporary
grilled mexican,Grills; Mexican; Barbecue; Spanish
ww chicken,Street Food; Modern Cuisine
fat beef,Steakhouse; Vegetarian; Street Food; Seafood; Modern Cuisine
roasted potatoes,Street Food; Rice Dishes; Grills
boeuf bourguignon,French
stuffed shells,Seafood
potato curry,Modern Cuisine; Thai; Thai and Vietnamese; Street Food; Vietnamese
italian crock,Italian; Italian Contemporary; Mediterranean Cuisine; Modern Cuisine; Pizza
authentic italian,Italian; Italian Contemporary; Mediterranean Cuisine; European
stuffed mushrooms,Pizza; Seafood; Sushi; Noodles; Barbecue
cuban chicken,Barbecue; Modern Cuisine; Mediterranean Cuisine; Seafood; Pizza
vietnamese style,Vietnamese; Thai and Vietnamese; Thai-Chinese; Thai contemporary; Southern Thai
greek easter,Mediterranean Cuisine
thai chili,Thai; Southern Thai; Northern Thai; Thai and Vietnamese; Thai contemporary
con leche,French
mexican green,Mexican; Spanish; Asian; Chinese
stuffed grape,Seafood; Pizza; Noodles
tomato beef,Steakhouse; Vegetarian; Pizza; Modern Cuisine; Mediterranean Cuisine
italian spaghetti,Italian; Italian Contemporary; Noodles; Pizza; Mediterranean Cuisine
orange salad,Street Food; Noodles; Modern Cuisine; Mediterranean Cuisine; Rice Dishes
chicken scaloppine,Seafood; Sushi; Mediterranean Cuisine
yellow squash,Vegetarian
mediterranean stuffed,Mediterranean Cuisine; Seafood; Pizza; Modern Cuisine
italian sweet,Italian; Italian Contemporary; Mediterranean Cuisine; Pizza; Spanish
carrot soup,Noodles and Congee; Noodles; Street Food; Modern Cuisine; Vegetarian
southern fried,Southern; Modern Cuisine; Southern Thai; South East Asian; Barbecue
en salsa,Spanish Contemporary; Spanish; Italian Contemporary; Italian; French Contemporary
sweet chili,Pizza; Modern Cuisine
spicy baked,Modern Cuisine; Mediterranean Cuisine; Barbecue; Noodles; Pizza
artichoke dip,Noodles and Congee; Modern Cuisine
roast lamb,Vegetarian
salad by,Street Food; Pizza; Noodles; Mediterranean Cuisine
kale salad,Modern Cuisine; Mediterranean Cuisine; Street Food
spanish tortilla,Spanish; Spanish Contemporary; Mexican; Mediterranean Cuisine; Tempura
bbq pork,Barbecue; Grills; Vegetarian; Steakhouse; Pizza
flat bread,Pizza; Street Food
spicy tofu,Tempura; Vegetarian
sliced beef,Vegetarian; Steakhouse; Barbecue; Seafood; Street Food
green peppers,Pizza
style shrimp,Seafood; Sushi
italian hot,Italian; Italian Contemporary; Tempura; Mediterranean Cuisine; Pizza
leftover chicken,Modern Cuisine; Street Food; Noodles and Congee; Sushi; Noodles
wheat pasta,Noodles; Noodles and Congee; Pizza; Modern Cuisine; Italian
pasta dough,Noodles; Noodles and Congee; Pizza; Modern Cuisine; Mediterranean Cuisine
en su,Pa Thong Ko; French
chicken taco,Modern Cuisine; Street Food; Pizza; Sushi; Seafood
el torito,Spanish; Spanish Contemporary; Italian; Mexican
japanese eggplant,Japanese
cheese sauce,Pizza; Mediterranean Cuisine; Modern Cuisine; Noodles; Noodles and Congee
scottish shortbread,Small eats
meat pie,Vegetarian; Pizza; Seafood; Mediterranean Cuisine; Steakhouse
pineapple upside,Sushi; Pizza; Seafood
mexican pizza,Pizza; Mexican; Mediterranean Cuisine; Spanish; Italian
beef sirloin,Steakhouse; Vegetarian; Modern Cuisine
chicken cream,Modern Cuisine; Street Food; Mediterranean Cuisine; Noodles
pasta al,Noodles; Noodles and Congee; Italian; Pizza; Italian Contemporary
polish dill,German; European
garlic roasted,Pizza; Mediterranean Cuisine; Vegetarian; Barbecue; Street Food
swedish chocolate,European; German; Modern Cuisine; Pizza
potato dumplings,Noodles and Congee; Street Food
poblano chile,Spanish; Spanish Contemporary; Italian
ginger chicken,Street Food; Modern Cuisine; Seafood; Mediterranean Cuisine; Pizza
peppers stuffed,Pizza; Seafood; Modern Cuisine; Noodles; Sushi
turkish style,Mediterranean Cuisine; Thai and Vietnamese
skillet beef,Steakhouse; Vegetarian; Modern Cuisine; Mediterranean Cuisine
chocolate french,French; French Contemporary; Modern Cuisine; European; Mediterranean Cuisine
spicy cheese,Pizza; Modern Cuisine; Mediterranean Cuisine; Tempura; Seafood
greek cheese,Mediterranean Cuisine; Pizza; Modern Cuisine; Seafood; Italian
asian ground,South East Asian; Asian; Asian Contemporary; Chinese; Thai-Chinese
traditional mexican,Mexican; Spanish Contemporary; Spanish; Modern Cuisine
macaroni salad,Noodles; Street Food; Mediterranean Cuisine; Sushi; Noodles and Congee
fresh tomatoes,Mediterranean Cuisine; Pizza
agua fresca,Spanish; Mediterranean Cuisine
roasted cauliflower,Vegetarian
strawberry stuffed,Pizza; Seafood
mexican fried,Mexican; Modern Cuisine; Pizza; Street Food; Mediterranean Cuisine
fire roasted,Grills
szechuan noodles,Noodles; Noodles and Congee; Rice Dishes; Sushi
panang curry,Thai; Thai and Vietnamese; Thai-Chinese; Vietnamese; Southern Thai
cooker roast,Barbecue; Modern Cuisine
creamy garlic,Pizza; Mediterranean Cuisine; Modern Cuisine; Noodles and Congee; Noodles
pho bo,Pa Thong Ko
grilled chipotle,Barbecue; Grills
curried lentil,Modern Cuisine
root vegetables,Vegetarian
sweet pepper,Pizza
moroccan orange,Vietnamese; European
tomato chicken,Pizza; Mediterranean Cuisine; Modern Cuisine; Seafood; Vegetarian
roast turkey,Barbecue
sauce over,Mediterranean Cuisine; Modern Cuisine
mexican lasagna,Mexican; Spanish; Spanish Contemporary; Tempura; Noodles and Congee
chocolate coconut,Vegetarian
easter bread,Street Food; Pizza; Mediterranean Cuisine; Modern Cuisine
asian chicken,Asian; South East Asian; Thai-Chinese; Chinese; Thai
authentic german,German; European
moroccan tagine,Mediterranean Cuisine
tasty chicken,Modern Cuisine; Street Food; Noodles and Congee; Mediterranean Cuisine; Vegetarian
egyptian rice,Rice Dishes; Mediterranean Cuisine; Sushi; Vietnamese; Noodles and Congee
glazed pork,Mediterranean Cuisine; Modern Cuisine; Barbecue; Pizza; Vegetarian
beef tagine,Vegetarian; Steakhouse
mexican potato,Mexican; Modern Cuisine; Vietnamese; Rice Dishes
steak tacos,Steakhouse; Mediterranean Cuisine; Modern Cuisine; Vegetarian; Street Food
vietnamese beef,Vietnamese; Thai and Vietnamese; Thai; Thai-Chinese; Modern Cuisine
canadian maple,Yakiniku
caramelised onion,Modern Cuisine; Street Food; Pizza
sour soup,Noodles and Congee; Modern Cuisine; Street Food; Sushi; Noodles
garlic lemon,Mediterranean Cuisine; Pizza
crusty french,French; French Contemporary; Mediterranean Cuisine
cheese danish,European; Seafood; Modern Cuisine; Mediterranean Cuisine; Pizza
portabella mushrooms,Sushi
corn chowder,Street Food; Noodles and Congee; Rice Dishes; Noodles; Small eats
style hot,Tempura
sesame sauce,Noodles; Noodles and Congee; Modern Cuisine; Rice Dishes; Sushi
pasta fagioli,Noodles; Noodles and Congee; Italian; Pizza; Modern Cuisine
thai grilled,Thai; Southern Thai; Northern Thai; Thai and Vietnamese; Thai contemporary
garden italian,Italian; Italian Contemporary; Mediterranean Cuisine; Pizza
pork medallions,Grills; Barbecue; Mediterranean Cuisine
white cheese,Pizza; Seafood; Street Food; Modern Cuisine; Noodles
american chicken,Modern Cuisine; Street Food; Seafood; Mediterranean Cuisine; Barbecue
clean eating,Small eats; Street Food; Vegetarian; Modern Cuisine; Seafood
bean chili,Street Food; Modern Cuisine; Tempura; Pizza
mexican cream,Mexican; Spanish; Modern Cuisine; Spanish Contemporary; Tempura
pepper beef,Steakhouse; Pizza; Vegetarian; Modern Cuisine; Street Food
glazed chicken,Modern Cuisine; Mediterranean Cuisine; Pizza; Street Food; Barbecue
beef hash,Steakhouse; Vegetarian
vegetarian taco,Vegetarian; Vegan; Modern Cuisine; Mediterranean Cuisine; Street Food
butter rice,Rice Dishes; Sushi; Noodles; Vietnamese; Modern Cuisine
italian meat,Italian; Mediterranean Cuisine; Vegetarian; Italian Contemporary; Pizza
italian breaded,Italian; Mediterranean Cuisine; Pizza; Italian Contemporary; Modern Cuisine
aglio olio,Italian
pot spicy,Modern Cuisine; Tempura
spicy sausage,Pizza; Modern Cuisine; Sushi; Mediterranean Cuisine; Vegetarian
con chile,Spanish; Spanish Contemporary
fried fish,Seafood; Pizza; Modern Cuisine; Sushi; Vegetarian
chinese roast,Chinese; Thai-Chinese; Vietnamese; Cantonese; Thai
chicken under,Barbecue; Small eats; Pizza; Seafood; Street Food
pumpkin spice,Street Food
layered beef,Steakhouse; Vegetarian; Seafood; Noodles and Congee; Modern Cuisine
spicy lentil,Modern Cuisine; Mediterranean Cuisine
beef sandwich,Steakhouse; Seafood; Vegetarian; Street Food; Modern Cuisine
simple chicken,Modern Cuisine; Small eats; Street Food; Noodles and Congee; Noodles
steamed chicken,Modern Cuisine; Noodles; Mediterranean Cuisine; Seafood; Barbecue
thai ginger,Thai; Southern Thai; Northern Thai; Thai-Chinese; Thai and Vietnamese
roasted pork,Vegetarian; Barbecue; Grills; Mediterranean Cuisine; Pizza
pa dutch,Pa Thong Ko; European; French; Northern Thai
caribbean coconut,Vegetarian
pepper chicken,Pizza; Street Food; Modern Cuisine; Seafood; Noodles
white chicken,Street Food; Modern Cuisine; Seafood; Noodles; Barbecue
creamy mushroom,Pizza; Sushi; Modern Cuisine; Seafood
mushroom sauce,Pizza; Sushi; Mediterranean Cuisine; Modern Cuisine; Barbecue
chinese sesame,Chinese; Noodles; Noodles and Congee; Thai-Chinese; Cantonese
thai tom,Thai; Thai contemporary; Northern Thai; Southern Thai; Thai-Chinese
chipped beef,Steakhouse; Vegetarian; Seafood; Modern Cuisine; Barbecue
chicken artichoke,Modern Cuisine; Noodles; Mediterranean Cuisine; Noodles and Congee; Vegetarian
grilled vegetables,Grills; Barbecue; Street Food; Vegetarian; Pizza
yellow curry,Thai; Thai and Vietnamese
beef rissoles,Steakhouse; Vegetarian; Modern Cuisine; Seafood
tuscan style,Mediterranean Cuisine; Italian Contemporary; Tempura
lemongrass beef,Vegetarian; Steakhouse
jumbo shrimp,Seafood; Sushi; Noodles; Noodles and Congee; Yakiniku
roasted tomatoes,Pizza; Vegetarian; Mediterranean Cuisine
hong kong,Cantonese; Chinese; South East Asian; Thai-Chinese; Korean
minced chicken,Modern Cuisine; Mediterranean Cuisine; Small eats; Street Food; Noodles and Congee
smoked fish,Seafood; Grills; Pizza
cheese filled,Pizza
garlic roast,Pizza; Mediterranean Cuisine; Modern Cuisine; Barbecue; Street Food
garlic cream,Mediterranean Cuisine; Pizza; Modern Cuisine
toast casserole,Pizza; Mediterranean Cuisine
german sweet,German; European; French; Japanese
beef noodle,Noodles; Noodles and Congee; Vegetarian; Steakhouse; Modern Cuisine
secret ingredient,Noodles and Congee; Noodles; Pizza
healthy grilled,Grills; Barbecue; Street Food
italian macaroni,Italian; Italian Contemporary; Mediterranean Cuisine; Noodles; Noodles and Congee
greek beef,Mediterranean Cuisine; Steakhouse; Modern Cuisine; Vegetarian; Seafood
favorite chicken,Modern Cuisine; Noodles and Congee; Noodles
sesame noodles,Noodles; Noodles and Congee; Rice Dishes; Sushi; Seafood
naan bread,Mediterranean Cuisine; Modern Cuisine; Isan
shredded chicken,Vegetarian; Noodles; Street Food; Noodles and Congee; Pizza
pulled pork,Barbecue; Grills; Pizza; Vegetarian; Seafood
salmon salad,Seafood; Sushi; Street Food; Modern Cuisine; Noodles
french cream,French; French Contemporary; Mediterranean Cuisine; European; Modern Cuisine
beef tongue,Vegetarian; Modern Cuisine; Seafood; Steakhouse; Mediterranean Cuisine
japanese chicken,Japanese; Sushi; Noodles; Seafood; Modern Cuisine
creamy macaroni,Noodles; Noodles and Congee; Mediterranean Cuisine; Yakitori; Modern Cuisine
japanese beef,Japanese; Sushi; Modern Cuisine; Seafood; Vegetarian
baked sweet,Modern Cuisine; Barbecue
italian grill,Italian; Grills; Italian Contemporary; Barbecue; Pizza
rosemary chicken,Mediterranean Cuisine; Modern Cuisine; Vegetarian; Street Food; Noodles
spaghetti alla,Italian; Noodles; Italian Contemporary; Noodles and Congee; Mediterranean Cuisine
simple beef,Steakhouse; Vegetarian; Modern Cuisine; Small eats; Seafood
french potato,French; French Contemporary; Vietnamese; Modern Cuisine; European
to cook,Barbecue; Grills; Pizza; Modern Cuisine; Mediterranean Cuisine
chile con,Spanish; Spanish Contemporary
lemon rice,Rice Dishes; Vietnamese; Thai and Vietnamese; Noodles; Cantonese
layered chicken,Noodles and Congee; Noodles; Seafood; Street Food; Modern Cuisine
pork tacos,Mediterranean Cuisine; Vegetarian; Modern Cuisine; Pizza; Barbecue
green tomato,Pizza
rustic italian,Italian; Italian Contemporary; Mediterranean Cuisine; Pizza; Modern Cuisine
warm chicken,Modern Cuisine; Tempura; Barbecue; Noodles
roasted peppers,Pizza; Vegetarian; Grills; Street Food
spicy corn,Modern Cuisine; Street Food; Sushi; Pizza; Tempura
chilean sea,Spanish; Seafood
mexican red,Mexican; Spanish
shrimp tacos,Seafood; Sushi; Mediterranean Cuisine; Pizza; Modern Cuisine
cape malay,South East Asian; Southern Thai; Northern Thai; Thai; Korean
spicy african,Tempura; Mediterranean Cuisine; Modern Cuisine; Vegetarian
portuguese pork,Mediterranean Cuisine; Vietnamese; Vegetarian; Seafood; Thai and Vietnamese
style fried,Modern Cuisine; Street Food
roasted butternut,Vegetarian
chinese braised,Chinese; Thai-Chinese; Cantonese; Vietnamese
green chicken,Street Food; Seafood; Modern Cuisine; Vegetarian
chickpea soup,Noodles and Congee; Street Food; Modern Cuisine; Pizza; Noodles
italian lemon,Italian; Mediterranean Cuisine; Pizza; Italian Contemporary; Vietnamese
thai sticky,Thai; Southern Thai; Thai-Chinese; Thai and Vietnamese; Northern Thai
mexican cheese,Mexican; Spanish; Modern Cuisine; Pizza; Mediterranean Cuisine
lamb patties,Vegetarian; Street Food; Steakhouse; Modern Cuisine; Noodles
steamed rice,Rice Dishes; Noodles; Sushi; Modern Cuisine; Vietnamese
chinese fried,Chinese; Thai-Chinese; Modern Cuisine; Noodles; Vietnamese
brazilian black,Spanish
moroccan spice,Mediterranean Cuisine
saucy beef,Steakhouse; Vegetarian; Barbecue; Modern Cuisine; Sushi
grilled thai,Thai; Southern Thai; Northern Thai; Thai and Vietnamese; Thai contemporary
island chicken,Street Food; Seafood; Mediterranean Cuisine; Modern Cuisine; Pizza
mediterranean chicken,Mediterranean Cuisine; Modern Cuisine; Seafood; Vegetarian; Pizza
tzatziki sauce,Tempura; Modern Cuisine
vegetable fried,Vegetarian; Modern Cuisine; Street Food; Pizza; Barbecue
stuffed cabbage,Noodles; Seafood; Pizza; Noodles and Congee; Sushi
jasmine rice,Rice Dishes; Sushi; Vietnamese; Japanese; Chinese
beef medallions,Steakhouse; Modern Cuisine
turkey burgers,Modern Cuisine; Barbecue; Steakhouse; Street Food; Mediterranean Cuisine
greek meatballs,Mediterranean Cuisine; Pizza; Modern Cuisine; Seafood; Steakhouse
cashew chicken,Seafood; Street Food; Vegetarian; Modern Cuisine; Sushi
di pollo,Italian Contemporary; Pa Thong Ko; Italian
potato gratin,Vegetarian
chana dal,Pa Thong Ko; Thai; Korean; Asian Contemporary; Thai-Chinese
curry soup,Modern Cuisine; Street Food; Mediterranean Cuisine; Noodles and Congee
green sauce,Modern Cuisine; Mediterranean Cuisine; Pizza
cheesy bacon,Vegetarian
stuffed beef,Seafood; Steakhouse; Vegetarian; Pizza; Barbecue
soy sauce,Noodles; Noodles and Congee; Sushi; Mediterranean Cuisine; Modern Cuisine
steak fajitas,Steakhouse; Modern Cuisine; Barbecue; Noodles; Noodles and Congee
beef jerky,Steakhouse; Barbecue
pork stew,Barbecue; Vegetarian; Modern Cuisine; Mediterranean Cuisine; Street Food
chickpea stew,Noodles and Congee; Street Food; Barbecue; Vegetarian; Modern Cuisine
braised pork,Vegetarian; Barbecue; Mediterranean Cuisine; Seafood; Modern Cuisine
apple salad,Street Food; Sushi; Modern Cuisine; Noodles
bread soup,Street Food; Pizza; Noodles and Congee; Modern Cuisine; Mediterranean Cuisine
chicken corn,Street Food; Modern Cuisine; Pizza; Rice Dishes; Noodles
rican rice,Rice Dishes; Mexican; Thai; Vietnamese; Thai and Vietnamese
blueberry french,French; French Contemporary
fried noodles,Noodles; Noodles and Congee; Modern Cuisine; Sushi; Rice Dishes
sesame beef,Vegetarian; Seafood; Modern Cuisine; Noodles; Noodles and Congee
sweet chicken,Street Food; Modern Cuisine; Noodles; Noodles and Congee; Mediterranean Cuisine
greek shrimp,Seafood; Mediterranean Cuisine; Sushi; Noodles; Pizza
favorite french,French; French Contemporary
spanish potato,Spanish; Spanish Contemporary; Mexican; Italian; Vietnamese
apple pie,Pizza; Seafood; Modern Cuisine
roasted bell,Barbecue
belgian waffles,Noodles and Congee; Modern Cuisine
tarragon chicken,Noodles and Congee; Seafood
cheesy broccoli,Pizza; Noodles and Congee; Vegetarian
steamed egg,Modern Cuisine; Noodles; Noodles and Congee; Pizza
chicken fajita,Noodles; Noodles and Congee; Modern Cuisine; Sushi; Thai
best beef,Steakhouse; Vegetarian; Modern Cuisine; Seafood
barbecued beef,Barbecue; Grills; Steakhouse; Vegetarian; Modern Cuisine
spicy potato,Modern Cuisine
spicy roasted,Barbecue; Modern Cuisine; Vegetarian; Pizza
vegetarian french,Vegetarian; French; Vegan; French Contemporary; Mediterranean Cuisine
chinese black,Chinese; Thai-Chinese; Asian; Cantonese; Vietnamese
fried eggs,Pizza; Modern Cuisine; Noodles; Street Food; Seafood
portuguese sweet,Spanish; Vietnamese; Thai and Vietnamese; Mediterranean Cuisine; Italian
indian vegetable,Indian; Vegetarian; Street Food; Modern Cuisine; Small eats
con salsa,Spanish Contemporary; Italian Contemporary; Spanish; Modern Cuisine; Pizza
green chilies,Grills
hoisin chicken,Modern Cuisine; Mediterranean Cuisine; Street Food; Noodles and Congee; Noodles
chicken adobo,Tempura; Street Food
moroccan meatballs,Mediterranean Cuisine; Pizza; Vegetarian; Seafood; Modern Cuisine
feta salad,Sushi; Pizza; Mediterranean Cuisine; Street Food; Tempura
indonesian beef,Vegetarian; Seafood; Modern Cuisine; Mediterranean Cuisine; Sushi
mixed vegetable,Vegetarian; Street Food; Noodles and Congee; Modern Cuisine
pollo en,Spanish; Spanish Contemporary; Italian; Pa Thong Ko
orecchiette pasta,Noodles; Noodles and Congee; Pizza; Italian; Italian Contemporary
wine sauce,Mediterranean Cuisine; Modern Cuisine; French; French Contemporary; Italian; Italian Contemporary
garlic beef,Steakhouse; Pizza; Vegetarian; Modern Cuisine; Seafood
teriyaki chicken,Yakiniku; Tempura; Sushi; Yakitori; Noodles
mexican tomato,Mexican; Pizza; Spanish; Italian; Mediterranean Cuisine
philly cheese,Pizza; Street Food; Seafood; Modern Cuisine
chile sauce,Modern Cuisine; Mediterranean Cuisine; Noodles; Noodles and Congee; Italian
best french,French; French Contemporary
leek soup,Noodles and Congee; Noodles; Modern Cuisine; Street Food; Pizza
jerk pork,Barbecue; Grills; Pizza; Steakhouse; Seafood
rice balls,Rice Dishes; Sushi; Noodles
baked mexican,Mexican; Modern Cuisine; Mediterranean Cuisine; Barbecue; Noodles
salad dressing,Mediterranean Cuisine; Modern Cuisine; Noodles; Sushi; Street Food
turkey chili,Modern Cuisine; Mediterranean Cuisine; Street Food; Pizza; Noodles and Congee
german red,German; European; French
pina colada,Yakitori
mexican ground,Mexican; Spanish
pizza sauce,Pizza; Mediterranean Cuisine; Sushi; Seafood; Modern Cuisine
vietnamese shrimp,Vietnamese; Thai and Vietnamese; Seafood; Rice Dishes; Noodles
spicy grilled,Barbecue; Grills; Modern Cuisine; Tempura; Pizza
oriental beef,Modern Cuisine; Steakhouse; Seafood; Chinese; Vegetarian
lo mein,German
tartar sauce,Mediterranean Cuisine
taco soup,Modern Cuisine; Street Food; Noodles and Congee; Pizza
glazed carrots,Pizza; Modern Cuisine; Noodles; Vegetarian; Seafood
italian hamburger,Italian; Pizza; Mediterranean Cuisine; Steakhouse; Modern Cuisine
chicken cutlets,Noodles; Noodles and Congee; Mediterranean Cuisine; Vegetarian
cheese beef,Steakhouse; Seafood; Vegetarian; Pizza; Modern Cuisine
chinese stir,Chinese; Asian Contemporary; Thai-Chinese; Cantonese; Vietnamese
irish lamb,Vegetarian; Noodles
kala jam,Korean Contemporary; Korean
norwegian meatballs,Seafood; Pizza; Sushi; Steakhouse; Modern Cuisine
layered mexican,Mexican; Spanish; Spanish Contemporary; Noodles and Congee; Tempura
onion salad,Noodles; Street Food; Pizza; Modern Cuisine; Sushi
calabacitas con,Tempura; Spanish Contemporary
con elote,Spanish Contemporary; Spanish
smoked turkey,Barbecue; Mediterranean Cuisine; Modern Cuisine; Vegetarian
chicken sausage,Pizza; Seafood; Mediterranean Cuisine; Vegetarian; Sushi
grilled moroccan,Grills; Barbecue; Mediterranean Cuisine
beef skewers,Sushi; Vegetarian; Steakhouse; Seafood
simple french,French; French Contemporary; German; Spanish; Italian
potato tacos,Modern Cuisine; Rice Dishes; Mediterranean Cuisine; Vegetarian; Street Food
lentil rice,Rice Dishes; Sushi; Noodles and Congee; Mediterranean Cuisine; Noodles
rice noodle,Noodles; Rice Dishes; Noodles and Congee; Sushi; Vietnamese
burgundy beef,Steakhouse; Modern Cuisine; Barbecue; Mediterranean Cuisine; Vegetarian
foo yung,Cantonese; Vietnamese; Yakitori; Korean; Korean Contemporary
tuscan bread,Mediterranean Cuisine; Pizza; Tempura; Street Food; Steakhouse
green olive,Mediterranean Cuisine; Pizza
swiss roll,Pizza
spicy stir,Modern Cuisine; Mediterranean Cuisine; Sushi
spice blend,Sushi
garden fresh,Street Food
texas beef,Steakhouse; Barbecue; Seafood; Vegetarian; Sushi
crockpot beef,Steakhouse; Modern Cuisine; Street Food; Barbecue
roasted shrimp,Seafood; Sushi; Grills; Pizza; Barbecue
lomo saltado,Spanish; Spanish Contemporary; Yakitori
korean style,Korean; Korean Contemporary; Asian Contemporary; Thai-Chinese; Thai and Vietnamese
yogurt sauce,Rice Dishes; Sushi; Pizza; Noodles
cabbage soup,Noodles and Congee; Noodles; Pizza; Street Food; Seafood
chinese noodle,Noodles; Noodles and Congee; Chinese; Thai-Chinese; Vietnamese
italian sausages,Italian; Mediterranean Cuisine; Pizza; Italian Contemporary; Modern Cuisine
apricot stuffed,Noodles and Congee
fresh pineapple,Seafood; Sushi; Pizza
cream chicken,Noodles; Mediterranean Cuisine; Modern Cuisine; Street Food; Pizza
danish pastry,French; Pizza; Mediterranean Cuisine; Modern Cuisine; European
roasted squash,Vegetarian; Pizza; Barbecue
quick mexican,Mexican; Spanish; Spanish Contemporary
warm salad,Noodles; Tempura; Pizza; Mediterranean Cuisine; Modern Cuisine
papaya salad,Pizza; Sushi; Street Food; Modern Cuisine; Mediterranean Cuisine
mini muffins,Small eats
chopped chicken,Street Food; Pizza; Noodles and Congee; Noodles; Seafood
peruvian chicken,Vegetarian; Mediterranean Cuisine; Spanish; Thai; Mexican
chicken french,French; Mediterranean Cuisine; French Contemporary; Vietnamese; Modern Cuisine
grilled steak,Steakhouse; Grills; Barbecue; Pizza; Street Food
steak gorgonzola,Steakhouse; Seafood; Mediterranean Cuisine; Pizza; Barbecue
red sauce,Pizza; Mediterranean Cuisine; Noodles; Modern Cuisine
ground pork,Street Food; Vegetarian; Barbecue; Seafood
cornish finnish,Italian; Northern Thai; European; Mediterranean Cuisine; Yakiniku
baby potatoes,Rice Dishes; Street Food; Noodles; Small eats; Pizza
green papaya,Pizza; Yakitori
cooker thai,Thai; Thai and Vietnamese; Southern Thai; Northern Thai; Thai contemporary
greek almond,Mediterranean Cuisine; Vegetarian
manchego cheese,Pizza
amazing italian,Italian; Italian Contemporary; Mediterranean Cuisine
spiced cauliflower,Mediterranean Cuisine
mustard dill,Noodles; Noodles and Congee
baked potato,Noodles; Modern Cuisine; Noodles and Congee; Street Food; Barbecue
crispy bacon,Vegetarian; Pizza; Mediterranean Cuisine
mexico style,Mexican; Spanish; Spanish Contemporary
beef stir,Modern Cuisine; Steakhouse; Vegetarian
fresh corn,Street Food; Noodles and Congee; Modern Cuisine
north end,Southern
middle east,South East Asian
cooker corned,Modern Cuisine; Barbecue; Rice Dishes; Street Food
baked lamb,Noodles; Barbecue; Vegetarian; Mediterranean Cuisine; Pizza
beef filet,Steakhouse
peanut thai,Thai; Southern Thai; Northern Thai; Thai-Chinese; Thai and Vietnamese
brulee french,French; French Contemporary; European; Spanish; German
penne rigate,Noodles and Congee; Pa Thong Ko
bread maker,Pizza; Mediterranean Cuisine
cajun beef,Barbecue; Modern Cuisine; Seafood; Vegetarian; Mediterranean Cuisine
black mushrooms,Pizza; Sushi
fat italian,Italian; Italian Contemporary; Pizza; Mediterranean Cuisine; European
raw vegan,Vegan; Vegetarian
beef mushroom,Seafood; Sushi; Steakhouse; Vegetarian; Pizza
pickled daikon,Yakitori
beef enchiladas,Steakhouse; Modern Cuisine; Noodles; Noodles and Congee; Vegetarian
chocolate nut,Pizza
beef braised,Vegetarian; Steakhouse
yorkshire pudding,Sushi
chinese tomato,Chinese; Thai-Chinese; Japanese; Pizza; Sushi
spicy szechuan,Noodles; Sushi
potato fries,Street Food
rice flour,Rice Dishes; Noodles; Noodles and Congee; Sushi
soft tacos,Mexican; Modern Cuisine; Vegetarian; Spanish; Mediterranean Cuisine
avocado cream,Seafood
lemon basil,Noodles; Mediterranean Cuisine; Pizza
flourless chocolate,Noodles and Congee
garlic mashed,Pizza; Mediterranean Cuisine; Rice Dishes; Street Food; Modern Cuisine
tomato rice,Rice Dishes; Noodles; Sushi; Noodles and Congee; Mediterranean Cuisine
russian potato,Yakitori; Yakiniku; Japanese
chipotle mexican,Mexican
cannellini beans,Noodles; Noodles and Congee
mexican eggs,Mexican; Spanish
hoisin sauce,Mediterranean Cuisine; Modern Cuisine; Sushi; Noodles and Congee; Pizza
crunchy tuna,Seafood; Sushi; Pizza
cheese enchiladas,Noodles; Noodles and Congee; Pizza; Modern Cuisine; Mediterranean Cuisine
indian tomato,Indian; Pizza; Sushi
breakfast burritos,Pizza; Street Food; Modern Cuisine; Sushi; Seafood
indian eggplant,Indian
onion dip,Noodles and Congee; Pizza; Noodles
zuppa toscana,Tempura
mu shu,Korean; Japanese; Chinese
aussie style,Cantonese
tiramisu by,Yakiniku
mexi chicken,Noodles; Noodles and Congee; Sushi; Modern Cuisine
blackened chicken,Street Food; Barbecue; Noodles
chile cheese,Pizza; Noodles; Mediterranean Cuisine; Spanish; Modern Cuisine
roasted vegetable,Vegetarian; Pizza; Street Food; Barbecue; Vegan
chicken kebabs,Noodles; Seafood; Noodles and Congee; Pizza; Barbecue
scrambled egg,Pizza
irish potatoes,Rice Dishes; Street Food; Noodles and Congee; Noodles; Modern Cuisine
greek meat,Mediterranean Cuisine; Vegetarian; Seafood; Steakhouse; Pizza
roasted tomatillo,Pizza
tomatillo salsa,Pizza; Italian Contemporary; Mediterranean Cuisine; Spanish Contemporary; Italian
delicious indian,Indian; Modern Cuisine; Rice Dishes
indian spicy,Indian; Tempura; Thai; Southern Thai; Sushi
torta di,Pa Thong Ko; Italian Contemporary; Italian; Tempura
spicy hot,Tempura; Pizza
old german,German; European; Italian; European Contemporary; French
ginger garlic,Pizza; Mediterranean Cuisine; Seafood; Street Food
curry beef,Vegetarian; Steakhouse; Barbecue; Modern Cuisine; Street Food
healthy beef,Vegetarian; Steakhouse; Seafood; Vegan; Street Food
pesto rice,Rice Dishes; Sushi; Vietnamese; Noodles; Noodles and Congee
cheese puffs,Pizza; Seafood; Noodles and Congee
baby corn,Street Food
fish sauce,Seafood; Mediterranean Cuisine; Pizza; Sushi; Noodles
rich french,French; French Contemporary; European; Italian; German
world friendly,International
mandarin orange,Vietnamese; Chinese; Cantonese; Thai-Chinese; Thai and Vietnamese
thai prawn,Thai; Northern Thai; Southern Thai; Thai-Chinese; Thai contemporary
spanish pork,Spanish; Mediterranean Cuisine; Vegetarian; Seafood; Spanish Contemporary
roasted brussels,Pizza
crispy fish,Seafood; Vegetarian; Sushi; Small eats; Pizza
pepper sauce,Pizza; Sushi; Mediterranean Cuisine; Modern Cuisine; Noodles
coconut soup,Vegetarian; Pizza; Street Food
peppercorn sauce,Pizza; Noodles and Congee; Noodles
spicy pepper,Pizza; Sushi; Tempura; Noodles; Modern Cuisine
italian eggplant,Italian; Italian Contemporary; Pizza
vidalia onion,Pizza
corn beef,Vegetarian; Steakhouse; Street Food; Seafood; Modern Cuisine
braised brisket,Barbecue
dried tomato,Pizza; Mediterranean Cuisine; Sushi; Vegetarian
chinese barbecue,Barbecue; Chinese; Grills; Thai-Chinese; Noodles
chinese broccoli,Chinese; Thai-Chinese; Noodles; Thai; Noodles and Congee
dark chocolate,Pizza
chile rellenos,Spanish
traditional french,French; French Contemporary
iranian rice,Rice Dishes; Sushi; Vietnamese; Thai and Vietnamese; Asian Contemporary
scalloped sweet,Sushi
italian braised,Italian; Italian Contemporary; European; Mediterranean Cuisine
little italy,Italian; Italian Contemporary; Pizza; Mediterranean Cuisine
mexican sweet,Mexican; Spanish; Spanish Contemporary
vegan brown,Vegan; Vegetarian
ricotta cheese,Pizza; Mediterranean Cuisine
beef fajitas,Noodles; Noodles and Congee; Sushi; Modern Cuisine; Vegetarian
rosemary braised,Vegetarian
italian mushroom,Italian; Pizza; Italian Contemporary; Mediterranean Cuisine; Seafood
drop soup,Noodles and Congee
artichoke salad,Noodles; Mediterranean Cuisine; Modern Cuisine; Noodles and Congee; Street Food
pasta shells,Noodles; Noodles and Congee; Pizza; Seafood; Italian
southern pecan,Southern; Southern Thai; Mexican
beef ragu,Steakhouse; Vegetarian; Sushi
spiced tomato,Pizza; Mediterranean Cuisine; Sushi
onion pork,Vegetarian; Seafood; Mediterranean Cuisine; Pizza; Noodles
curried cauliflower,Mediterranean Cuisine; Vegetarian; Modern Cuisine
fresh salsa,Spanish Contemporary; Modern Cuisine; Pizza; Italian Contemporary; Mediterranean Cuisine
beef ribs,Barbecue; Steakhouse; Seafood; Grills; Vegetarian
pineapple salsa,Pizza; Sushi; Seafood; Vegetarian; Mediterranean Cuisine
portobello mushroom,Pizza; Sushi; Spanish
french market,French; French Contemporary; European
south texas,Southern; South East Asian
sri lankan,Indian; Southern Thai; South East Asian; Northern Thai; Thai
french bistro,French; French Contemporary
portuguese cod,Spanish; Seafood
creamy french,French; French Contemporary; Italian; European; Mediterranean Cuisine
onion chicken,Noodles; Street Food; Seafood; Noodles and Congee; Pizza
swiss fondue,French; German
minced pork,Mediterranean Cuisine; Vegetarian; Modern Cuisine; Barbecue; Seafood
cooker german,German; Modern Cuisine; Barbecue; European
bbq baby,Barbecue; Grills; Pizza; Steakhouse; Street Food
italian marinated,Mediterranean Cuisine; Italian; Seafood; Italian Contemporary; Noodles
chicken wild,Barbecue
cold roast,Barbecue; Grills
pork pot,Barbecue; Pizza; Grills; Mediterranean Cuisine; Vietnamese
cuban midnight,Barbecue
okra stew,Yakitori; Yakiniku
creamy thai,Thai; Southern Thai; Thai and Vietnamese; Thai-Chinese; Northern Thai
pot swedish,European; German; Japanese; Spanish
simple mexican,Mexican; Spanish; Spanish Contemporary
keema matar,Pa Thong Ko
alla romana,Italian Contemporary; Italian; Spanish Contemporary
curry sauce,Mediterranean Cuisine; Modern Cuisine; Barbecue; Sushi; Thai
traditional german,German
tomatillo sauce,Mediterranean Cuisine; Pizza; Seafood; Sushi; Italian Contemporary
grilled tuna,Grills; Seafood; Barbecue; Sushi; Steakhouse
rolled beef,Barbecue; Steakhouse; Seafood; Vegetarian; Pizza
beef rib,Seafood; Vegetarian; Steakhouse; Barbecue; Grills
classic italian,Italian; Italian Contemporary; Mediterranean Cuisine; Pizza
stuffed eggs,Pizza; Seafood; Noodles and Congee; Noodles
best macaroni,Noodles; Noodles and Congee; Yakitori
lamb kebabs,Noodles; Noodles and Congee; Vegetarian; Pizza; Barbecue
dried fruit,Sushi; Seafood; Vegetarian
caribbean fish,Seafood; Vegetarian
korean bean,Korean; Korean Contemporary; Japanese; South East Asian; Sushi
cranberry sauce,Modern Cuisine; Noodles and Congee; Mediterranean Cuisine; Sushi; Rice Dishes
ranch shrimp,Seafood; Noodles; Sushi; Barbecue; Grills
italian egg,Italian; Italian Contemporary; Mediterranean Cuisine; Pizza
almond cookies,Vegetarian; Vegan; Grills
moroccan baked,Mediterranean Cuisine; Pizza; Barbecue; Vegetarian; Grills
pesto chicken,Modern Cuisine; Noodles and Congee; Noodles; Mediterranean Cuisine; Tempura
cantaloupe salad,Noodles; Pizza; Mediterranean Cuisine
york italian,Italian; Italian Contemporary; Pizza; Spanish; European
spicy pork,Mediterranean Cuisine; Barbecue; Vegetarian; Modern Cuisine; Seafood
beef over,Steakhouse; Vegetarian; Barbecue
barbecue chicken,Barbecue; Grills; Pizza; Seafood; Noodles
garlic butter,Pizza; Mediterranean Cuisine; Seafood
cajun shrimp,Seafood; Sushi; Noodles and Congee; Noodles; Mediterranean Cuisine
chorizo stuffed,Pizza; Seafood
indian cabbage,Indian; Noodles; Seafood; Noodles and Congee; Thai
chocolate mint,Noodles
butter cookies,Grills
vegan mexican,Vegan; Vegetarian; Mexican; Spanish; Spanish Contemporary
italian pork,Italian; Mediterranean Cuisine; Pizza; Vegetarian; Italian Contemporary
turkey meatballs,Pizza; Seafood; Mediterranean Cuisine; Modern Cuisine; Steakhouse
di maiale,Italian Contemporary; Italian; Spanish Contemporary
taco meat,Vegetarian; Seafood; Pizza; Street Food; Modern Cuisine
potato stew,Street Food; Modern Cuisine; Rice Dishes; Noodles and Congee; Noodles
jamaican style,Korean Contemporary
pork cutlets,Vegetarian; Grills; Mediterranean Cuisine; Barbecue; Noodles
chocolate cream,Pizza
chocolate peanut,Pizza; Seafood; Vegetarian; Noodles
aussie lamb,Cantonese
orange glazed,Tempura
beef dinner,Steakhouse; Barbecue; Modern Cuisine; Mediterranean Cuisine; Pizza
lebanese chicken,Mediterranean Cuisine; Seafood; Modern Cuisine; Vegetarian; Street Food
indian stuffed,Indian
mexican chili,Mexican; Spanish; Tempura; Spanish Contemporary; Pizza
steamed pork,Barbecue; Mediterranean Cuisine; Seafood; Modern Cuisine; Vegetarian
cold noodles,Noodles; Noodles and Congee; Sushi; Tempura; Rice Dishes
veggie salad,Street Food; Vegetarian; Noodles; Pizza
baked tilapia,Mediterranean Cuisine; Seafood; Pizza; Sushi
hot dog,Tempura
risotto con,Spanish; Spanish Contemporary; Italian Contemporary; Italian; Mediterranean Cuisine
colombian chicken,Mexican; Spanish; Noodles; Mediterranean Cuisine; Modern Cuisine
cheese salad,Pizza; Street Food; Noodles; Mediterranean Cuisine; Seafood
lamb cutlets,Noodles
corn soup,Noodles and Congee; Street Food; Modern Cuisine; Pizza; Noodles
spicy tomatillo,Pizza; Tempura; Mediterranean Cuisine; Seafood; Sushi
chicken tortellini,Tempura; Mediterranean Cuisine; Seafood; Sushi; Noodles
chicken fingers,Noodles; Seafood; Pizza
roast rack,Grills; Barbecue
authentic thai,Thai; Thai contemporary; Southern Thai; Thai-Chinese; Thai and Vietnamese
tenderloin stuffed,Noodles
ginger pork,Mediterranean Cuisine; Seafood; Vegetarian; Street Food; Barbecue
sausage soup,Pizza; Street Food; Modern Cuisine; Noodles and Congee; Seafood
english cucumber,Spanish; German
beef stock,Steakhouse; Vegetarian; Seafood
pappa al,Pa Thong Ko
pasta primavera,Noodles; Italian; Noodles and Congee; Italian Contemporary; Spanish
chocolate pudding,Pizza; Modern Cuisine
zuppa di,Pa Thong Ko
frutti di,Italian Contemporary; Italian; Pa Thong Ko
di mare,Italian Contemporary; Italian; European Contemporary; French Contemporary; Spanish Contemporary
steamed fish,Seafood; Sushi; Noodles; Modern Cuisine; Pizza
beef n,Steakhouse; Vegetarian; Barbecue; Seafood; Vegan
chicken kabobs,Noodles; Barbecue; Noodles and Congee; Seafood; Street Food
caramelized onions,Pizza
tomato pasta,Noodles; Noodles and Congee; Pizza; Italian; Mediterranean Cuisine
filipino style,Asian Contemporary; Thai contemporary; Pa Thong Ko; Korean Contemporary; Thai and Vietnamese
lemon roasted,Barbecue; Pizza; Grills
swedish pancakes,European; Pizza; Japanese; German; Mediterranean Cuisine
fried shrimp,Seafood; Sushi; Noodles; Pizza; Noodles and Congee
chile relleno,Spanish; Italian
shrimp scampi,Seafood; Sushi
okinawa pork,Sushi; Noodles; Modern Cuisine; Vietnamese; Southern Thai
stuffed pork,Seafood; Barbecue; Pizza; Grills; Vegetarian
chicken vegetable,Vegetarian; Street Food; Seafood; Noodles; Pizza
fashioned english,Spanish; French; German; Cantonese; Korean
creamy corn,Street Food; Modern Cuisine; Noodles and Congee
leftover roast,Barbecue
dutch ham,German; European
creamy potato,Modern Cuisine; Noodles and Congee; Yakitori
grilled french,French; Grills; French Contemporary; Barbecue; Mediterranean Cuisine
italian shrimp,Seafood; Italian; Pizza; Noodles; Mediterranean Cuisine
mexican grilled,Grills; Mexican; Barbecue; Spanish; Tempura
herb roasted,Vegetarian
boursin cheese,Noodles; Pizza; Seafood
broiled chicken,Barbecue; Noodles; Noodles and Congee; Pizza; Seafood
vegetarian black,Vegetarian; Vegan; Barbecue; Street Food; Seafood
onion pie,Pizza; Modern Cuisine; Seafood; Mediterranean Cuisine; Noodles
sweet rice,Rice Dishes; Sushi; Noodles; Vietnamese; Yakitori
chicken meatballs,Pizza; Seafood; Steakhouse; Barbecue; Vegetarian
crispy pork,Vegetarian; Mediterranean Cuisine; Barbecue; Pizza; Grills
beef wellingtons,Steakhouse; Street Food
seared scallops,Seafood; Sushi
german sausage,German; Noodles; Sushi; European; Modern Cuisine
grilled onions,Grills; Barbecue; Pizza; Noodles; Street Food
masoor dal,Pa Thong Ko; Italian Contemporary; Sushi; Italian
spicy moroccan,Mediterranean Cuisine; Pizza; Vegetarian
papas con,Pizza
simple fried,Pizza
bread dipping,Pizza; Grills
pork balls,Barbecue; Pizza; Grills; Seafood
seasoned chicken,Mediterranean Cuisine; Modern Cuisine; Barbecue; Noodles; Street Food
spice cake,Modern Cuisine; Rice Dishes
creamy mexican,Mexican; Spanish; Spanish Contemporary; Tempura; Italian
mexican chorizo,Mexican; Spanish; Spanish Contemporary; Italian
pot rice,Rice Dishes; Sushi; Vietnamese; Thai and Vietnamese; Noodles
jamaican rice,Rice Dishes; Yakitori; Noodles; Sushi; Korean
potato latkes,Yakitori
wonder diet,Vegetarian; Street Food
diet,Vegetarian; Vegan
thai yellow,Thai; Thai-Chinese; Northern Thai; Southern Thai; Thai and Vietnamese
grilled bread,Grills; Barbecue; Pizza; Street Food; Steakhouse
thai curried,Thai; Thai and Vietnamese; Northern Thai; Thai-Chinese; Southern Thai
thai vegetarian,Vegetarian; Thai; Thai and Vietnamese; Southern Thai; Northern Thai
asian turkey,Asian; Thai-Chinese; South East Asian; Thai; Thai and Vietnamese
style garlic,Mediterranean Cuisine; Pizza; Modern Cuisine
tomato bread,Pizza; Mediterranean Cuisine; Street Food; Modern Cuisine; Vegetarian
herbed beef,Vegetarian; Steakhouse; Vegan; Modern Cuisine; Seafood
ham steaks,Steakhouse; Grills; Barbecue; Pizza; Vegetarian
cooker mexican,Mexican; Modern Cuisine; Spanish; Barbecue; Mediterranean Cuisine
caesar salad,Mediterranean Cuisine; Pizza; Modern Cuisine; Street Food
pork sausages,Grills; Pizza; Mediterranean Cuisine; Seafood; Vegetarian
southern italian,Italian; Italian Contemporary; Southern; Mediterranean Cuisine; Spanish
con broccoli,Pizza; Modern Cuisine; Noodles and Congee
mexican turkey,Mexican; Mediterranean Cuisine; Modern Cuisine; Barbecue; Spanish
real mexican,Mexican; Spanish; Spanish Contemporary
egg noodles,Noodles; Noodles and Congee; Rice Dishes; Sushi; Seafood
tandoori chicken,Mediterranean Cuisine; Noodles; Noodles and Congee; Tempura; Modern Cuisine
green pepper,Pizza; Sushi; Street Food
seafood paella,Seafood; Pizza; Mediterranean Cuisine; Sushi; Noodles
meat balls,Seafood; Steakhouse; Pizza; Vegetarian; Barbecue
chili chicken,Pizza; Modern Cuisine; Street Food; Noodles; Noodles and Congee
chicken thai,Thai; Southern Thai; Thai and Vietnamese; Northern Thai; Thai-Chinese
glutinous rice,Rice Dishes; Sushi
sweet soy,Noodles; Yakitori
beach diet,Seafood; Street Food; Small eats; Mediterranean Cuisine
fresh mozzarella,Pizza; Mediterranean Cuisine; Seafood; Sushi
fajita chicken,Noodles; Noodles and Congee; Sushi; Modern Cuisine; Seafood
enchilada casserole,Mediterranean Cuisine; Noodles and Congee; Modern Cuisine; Pizza
mexican beans,Mexican; Spanish; Sushi; Noodles; Grills
cod baked,Noodles and Congee; Pizza; Seafood
vegetarian mushroom,Vegetarian; Seafood; Pizza; Vegan; Sushi
chipotle pepper,Pizza; Street Food; Vegetarian; Seafood
southwest beef,Steakhouse; Barbecue; Southern; Vegetarian; Seafood
vegetable lasagna,Noodles and Congee; Pizza; Noodles; Seafood; Mediterranean Cuisine
vietnamese rice,Vietnamese; Rice Dishes; Thai and Vietnamese; Thai-Chinese; Thai
coconut curried,Vegetarian; Thai
ospidillo cafe,Street Food; Steakhouse; Pizza
lentil burgers,Modern Cuisine; Street Food; Steakhouse; Grills
indian spinach,Indian; Sushi
vietnamese banh,Vietnamese; Thai and Vietnamese; Thai; Cantonese; Thai-Chinese
roasted fish,Seafood; Pizza; Grills; Sushi; Vegetarian
rican chicken,Mediterranean Cuisine; Spanish; Barbecue; Pizza; Vegetarian
stewed pork,Vegetarian; Barbecue; Mediterranean Cuisine; Seafood; Modern Cuisine
moo shu,Pa Thong Ko; Korean; Korean Contemporary
turkey sausage,Mediterranean Cuisine; Pizza; Modern Cuisine; Vegetarian; Seafood
grilled turkey,Barbecue; Grills; Modern Cuisine; Mediterranean Cuisine; Street Food
german hot,German; European; Tempura; Italian; French
citrus salad,Noodles; Street Food; Mediterranean Cuisine; Pizza
thai inspired,Thai; Southern Thai; Thai contemporary; Thai and Vietnamese; Northern Thai
french beef,French; Vegetarian; French Contemporary; Mediterranean Cuisine; Modern Cuisine
ki dal,Korean; Thai; Thai-Chinese; Pa Thong Ko; Northern Thai
real italian,Italian; Italian Contemporary; Mediterranean Cuisine; European; European Contemporary
mixed vegetables,Vegetarian; Street Food; Noodles and Congee; Modern Cuisine; Pizza
roasted veggies,Vegetarian; Grills; Barbecue; Pizza; Street Food
caramel sauce,Mediterranean Cuisine; Pizza; Seafood; Sushi
preserved lemon,Vegetarian
creamy lemon,Vietnamese; Cantonese; Pizza
baked tomatoes,Mediterranean Cuisine; Pizza; Modern Cuisine; Noodles; Vegetarian
cole slaw,Sushi
lamb curry,Vegetarian
fresh tuna,Seafood; Sushi; Mediterranean Cuisine; Pizza; Modern Cuisine
shrimp cocktail,Seafood; Noodles and Congee; Noodles; Mediterranean Cuisine; Sushi
beef fajita,Noodles and Congee; Noodles; Sushi; Vegetarian; Modern Cuisine
yogurt cake,Rice Dishes
swedish cabbage,Sushi; Pizza; Seafood; German; European
soba noodle,Noodles; Noodles and Congee
spinach alfredo,Pizza; Italian; Italian Contemporary; Mediterranean Cuisine
chili verde,Tempura; Vietnamese; Mediterranean Cuisine; Pizza; Spanish
garlic sauce,Pizza; Mediterranean Cuisine; Noodles; Seafood; Modern Cuisine
peanut chicken,Seafood; Pizza; Vegetarian; Street Food; Sushi
braised cabbage,Noodles; Noodles and Congee; Seafood; Sushi
beef pasta,Noodles; Noodles and Congee; Pizza; Steakhouse; Seafood
italian spinach,Italian; Italian Contemporary; Pizza; Mediterranean Cuisine
fish curry,Seafood; Thai; Modern Cuisine; Mediterranean Cuisine; Sushi
spicy vegetable,Vegetarian; Pizza; Noodles; Sushi; Modern Cuisine
hearty vegetable,Vegetarian; Seafood; Pizza; Noodles and Congee; Street Food
cuban mojo,Barbecue
salsa over,Pizza
italian country,Italian; Italian Contemporary; European; Mediterranean Cuisine; Spanish
chicken burritos,Street Food; Pizza; Seafood; Sushi; Barbecue
macadamia nut,Sushi
bean casserole,Pizza; Mediterranean Cuisine; Modern Cuisine; Barbecue
cheese spread,Pizza; Street Food; Seafood
one dish,Rice Dishes; Mediterranean Cuisine; Modern Cuisine; Seafood; Street Food
chocolate tiramisu,Noodles; Noodles and Congee; Tempura
el dorado,Spanish; Spanish Contemporary; Mexican
cheddar cheese,Pizza; Seafood; Noodles
grand marnier,French; French Contemporary;
caribbean lime,Barbecue
carne en,French Contemporary; French; European Contemporary; Italian Contemporary; Spanish Contemporary
queso blanco,Spanish; Spanish Contemporary; Mexican; Tempura
tomato salsa,Pizza; Mediterranean Cuisine; Italian; Vegetarian; Sushi
bento box,Japanese
spinach stuffed,Pizza; Seafood; Sushi
spicy tuna,Seafood; Sushi; Mediterranean Cuisine; Tempura; Pizza
thai stir,Thai; Thai contemporary; Northern Thai; Southern Thai; Thai and Vietnamese
east african,South East Asian; International; Isan; Southern
thai crab,Thai; Northern Thai; Southern Thai; Seafood; Thai-Chinese
lamb stuffed,Noodles; Pizza
sea scallops,Seafood; Sushi
baby spinach,Pizza; Sushi
lamb meatballs,Pizza; Steakhouse; Vegetarian; Seafood; Sushi
minced beef,Steakhouse; Vegetarian; Modern Cuisine; Small eats; Seafood
spicy green,Pizza; Tempura; Sushi
spicy crock,Modern Cuisine; Tempura; Pizza; Barbecue; Mediterranean Cuisine
moroccan roasted,Vegetarian; Mediterranean Cuisine; Pizza; Grills; Barbecue
chicken sour,Sushi; Seafood; Modern Cuisine; Street Food; Barbecue
sauteed pork,Vegetarian; Mediterranean Cuisine; Barbecue; Sushi; Modern Cuisine
prawn salad,Seafood; Noodles; Sushi; Street Food; Noodles and Congee
thai lemongrass,Thai; Southern Thai; Thai and Vietnamese; Northern Thai; Thai-Chinese
garlic mayonnaise,Mediterranean Cuisine; Noodles and Congee; Noodles; Pizza; Modern Cuisine
teriyaki pork,Yakiniku; Yakitori; Sushi; Mediterranean Cuisine; Vegetarian
beef taco,Vegetarian; Modern Cuisine; Steakhouse; Seafood; Sushi
baked cheese,Pizza; Noodles; Mediterranean Cuisine; Seafood; Modern Cuisine
best chinese,Chinese; Thai-Chinese; Cantonese; Vietnamese; Japanese
shrimp over,Seafood; Sushi
creme fraiche,French; French Contemporary; Italian; Italian Contemporary
chocolate irish,Noodles and Congee; Street Food
irish corned,Noodles and Congee; Street Food
sweet n sour,Thai; Thai and Vietnamese
marinated tomatoes,Mediterranean Cuisine; Seafood
chilled avocado,Sushi; Seafood; Tempura
avocado soup,Noodles and Congee; Sushi; Street Food; Seafood; Modern Cuisine
tie pasta,Noodles; Noodles and Congee; Pizza; Italian
shaking beef,Steakhouse
spanish scallops,Spanish; Sushi
salad sandwich,Pizza; Street Food; Noodles; Seafood; Mediterranean Cuisine
italian soup,Italian; Italian Contemporary; Pizza; Noodles and Congee; Mediterranean Cuisine
poached chicken,Seafood; Street Food
vietnamese fish,Vietnamese
onion rings,Pizza; Noodles
korean rice,Rice Dishes; Korean; Korean Contemporary; Sushi; Thai-Chinese
zucchini salad,Pizza; Sushi; Mediterranean Cuisine; Street Food; Vegetarian
italian zucchini,Italian; Italian Contemporary; Pizza; Mediterranean Cuisine
pastry dough,Pizza; Noodles and Congee; Noodles; Mediterranean Cuisine
french green,French; French Contemporary
curried shrimp,Seafood; Noodles and Congee; Noodles; Mediterranean Cuisine; Sushi
cooker sausage,Mediterranean Cuisine; Modern Cuisine; Pizza; Barbecue; Vegetarian
creamed beef,Steakhouse; Modern Cuisine; Vegetarian
potato cake,Noodles and Congee
simple chocolate,Pizza
rotisserie chicken,Barbecue; Mediterranean Cuisine; Modern Cuisine; Seafood; Vegetarian
peri peri,Italian Contemporary
shrimp enchiladas,Seafood; Noodles; Noodles and Congee; Sushi; Mediterranean Cuisine
peach french,French; French Contemporary; Spanish; Italian
grilled vietnamese,Vietnamese; Thai and Vietnamese; Grills; Barbecue; Southern Thai
bleu cheese,Noodles; Noodles and Congee; Seafood; Pizza; Mediterranean Cuisine
potato leek,Vietnamese; Noodles
greek grilled,Grills; Mediterranean Cuisine; Barbecue; Pizza
cheesy baked,Noodles and Congee; Pizza; Barbecue; Mediterranean Cuisine; Noodles
mango salad,Sushi; Street Food; Pizza; Mediterranean Cuisine; Noodles
salmon steak,Steakhouse; Seafood; Vegetarian; Sushi; Pizza
carb beef,Vegetarian; Steakhouse; Street Food; Seafood; Barbecue
tabbouleh salad,Mediterranean Cuisine; Street Food; Noodles; Barbecue; Pizza
date pudding,Modern Cuisine
hungarian style,Cantonese; German; Italian Contemporary; Italian; Korean Contemporary
greek summer,Mediterranean Cuisine
broiled roast,Barbecue; Grills; Pizza
coriander soup,Mediterranean Cuisine; Modern Cuisine; Noodles and Congee; Seafood; Street Food
pulled beef,Steakhouse
vegetarian lasagna,Vegetarian; Mediterranean Cuisine; Seafood; Noodles and Congee; Pizza
marinated shrimp,Seafood; Noodles; Noodles and Congee; Sushi; Mediterranean Cuisine
cooked lamb,Vegetarian; Noodles; Mediterranean Cuisine; Barbecue; Pizza
sauteed mushrooms,Sushi; Pizza
chicken quesadillas,Noodles; Mediterranean Cuisine; Noodles and Congee; Sushi; Pizza
traditional italian,Italian; Italian Contemporary; Mediterranean Cuisine; Spanish Contemporary; Modern Cuisine
greek lentil,Mediterranean Cuisine
quick thai,Thai; Thai and Vietnamese; Thai-Chinese; Northern Thai; Southern Thai
warm potato,Tempura
grilled zucchini,Grills; Barbecue; Pizza
caramelized pork,Mediterranean Cuisine; Seafood; Barbecue; Vegetarian; Modern Cuisine
pork belly,Vegetarian; Barbecue; Pizza; Steakhouse; Seafood
green pea,European; European Contemporary
eggplant salad,Pizza; Street Food; Noodles
shrimp rolls,Seafood; Sushi; Pizza; Noodles; Noodles and Congee
italian ground,Italian; Italian Contemporary; Pizza; European
homemade taco,Modern Cuisine
chile chicken,Noodles; Modern Cuisine; Mediterranean Cuisine; Noodles and Congee; Pizza
spanish green,Spanish; Mexican; Spanish Contemporary; Chinese; Italian
curried vegetables,Vegetarian; Modern Cuisine; Street Food; Mediterranean Cuisine; Noodles and Congee
roasted vegetables,Vegetarian; Street Food; Pizza; Barbecue; Grills
cooked italian,Italian; Mediterranean Cuisine; Italian Contemporary; Pizza; Modern Cuisine
vietnamese caramelized,Vietnamese; Thai and Vietnamese; Thai-Chinese; Thai; Cantonese
skillet macaroni,Mediterranean Cuisine; Noodles
mint salad,Noodles; Street Food; Pizza; Rice Dishes; Modern Cuisine
chocolate fondue,Noodles
daikon radish,Yakiniku; Yakitori
carne adovada,Italian Contemporary; Tempura; French Contemporary
crockery pot,Modern Cuisine
good eats,Small eats; Seafood; Vegetarian; Pizza; Street Food
greek honey,Mediterranean Cuisine; Italian; Modern Cuisine
butter sauce,Mediterranean Cuisine; Pizza; Sushi; Noodles; Modern Cuisine
irish brown,Indian
con huevos,Spanish
baked thai,Thai; Southern Thai; Northern Thai; Thai and Vietnamese; Thai-Chinese
pizza crust,Pizza; Seafood; Mediterranean Cuisine; Sushi; Italian
baked zucchini,Pizza; Mediterranean Cuisine
honey garlic,Mediterranean Cuisine; Pizza; Modern Cuisine
hot sauce,Tempura; Pizza; Barbecue; Mediterranean Cuisine; Noodles
spicy fish,Seafood; Sushi; Tempura; Pizza; Mediterranean Cuisine
onion gravy,Street Food; Pizza
chicken baked,Barbecue; Noodles; Mediterranean Cuisine; Pizza; Modern Cuisine
swiss pork,Mediterranean Cuisine; Pizza; Vegetarian; Seafood; Thai
hungarian beef,Vegetarian; Modern Cuisine; Mediterranean Cuisine; Steakhouse; Noodles
butter pie,Pizza; Seafood; Mediterranean Cuisine
chicken pesto,Modern Cuisine; Noodles; Noodles and Congee; Tempura; Pizza
sour beef,Vegetarian; Steakhouse; Sushi; Seafood; Modern Cuisine
red thai,Thai; Northern Thai; Thai and Vietnamese; Southern Thai; Thai-Chinese
thai pumpkin,Thai; Thai-Chinese; Northern Thai; Thai and Vietnamese; Southern Thai
